rank,p,o,state,distance
275,0,275,12345672121232,11
291,0,291,12345672123212,11
435,0,435,12345672321212,11
547,0,547,12345673131323,11
555,0,555,12345673132313,11
627,0,627,12345673231313,11
729,1,0,12345761111111,11
1463,2,5,12346571111231,11
2207,3,20,12346751113133,11
2928,4,12,12347561112212,11
3645,5,0,12347651111111,11
3681,5,36,12347651122112,11
3723,5,78,12347651133311,11
3892,5,247,12347652111221,11
3938,5,293,12347652123233,11
3941,5,296,12347652123332,11
4019,5,374,12347652223232,11
4133,5,488,12347653111133,11
4198,5,553,12347653132223,11
4201,5,556,12347653132322,11
4363,5,718,12347653332323,11
4374,6,0,12354671111111,11
5119,7,16,12354761112323,11
5373,7,270,12354762121112,11
5376,7,273,12354762121211,11
5509,7,406,12354762311123,11
5645,7,542,12354763131131,11
5661,7,558,12354763133111,11
5671,7,568,12354763211123,11
5852,8,20,12356471113133,11
6635,9,74,12356741133131,11
6743,9,182,12356741313131,11
7067,9,506,12356743113131,11
7294,10,4,12357461111222,11
7316,10,26,12357461113331,11
7614,10,324,12357462211112,11
8045,11,26,12357641113331,11
8760,12,12,12364571112212,11
9489,13,12,12364751112212,11
9497,13,20,12364751113133,11
10127,13,650,12364753311131,11
10206,14,0,12365471111111,11
10288,14,82,12365471211122,11
10386,14,180,12365471313113,11
10580,14,374,12365472223232,11
10643,14,437,12365472321233,11
10842,14,636,12365473232312,11
10924,14,718,12365473332323,11
10961,15,26,12365741113331,11
11717,16,53,12367451123333,11
11731,16,67,12367451132222,11
11771,16,107,12367451213333,11
11839,16,175,12367451312222,11
11933,16,269,12367452113333,11
12163,16,499,12367453112222,11
12405,17,12,12367541112212,11
12419,17,26,12367541113331,11
12611,17,218,12367541331131,11
13152,18,30,12374561121212,11
13206,18,84,12374561211212,11
13368,18,246,12374562111212,11
13855,19,4,12374651111222,11
14584,20,4,12375461111222,11
15327,21,18,12375641113112,11
16042,22,4,12376451111222,11
16058,22,20,12376451113133,11
16149,22,111,12376451221211,11
16783,23,16,12376541112323,11
16916,23,149,12376541232233,11
16970,23,203,12376541322233,11
17042,23,275,12376542121232,11
17058,23,291,12376542123212,11
17327,23,560,12376543133132,11
17330,23,563,12376543133231,11
24127,33,70,12456731132321,11
24214,33,157,12456731233223,11
24676,33,619,12456733223321,11
27113,37,140,12463751231231,11
29215,40,55,12467351131121,11
29302,40,142,12467351231321,11
30682,42,64,12473561132123,11
37195,51,16,12536741112323,11
38133,52,225,12537461332112,11
39366,54,0,12543671111111,11
39450,54,84,12543671211212,11
39582,54,216,12543671331113,11
39637,54,271,12543672121121,11
39806,54,440,12543672321332,11
39812,54,446,12543672322232,11
39830,54,464,12543672331232,11
39860,54,494,12543673111331,11
39967,54,601,12543673221323,11
39991,54,625,12543673231223,11
40012,54,646,12543673233323,11
40940,56,116,12546371221331,11
44040,60,300,12563472131213,11
44283,60,543,12563473131212,11
46621,63,694,12564733323122,11
48023,65,638,12567433232333,11
51610,70,580,12576343212221,11
55467,76,63,12637451132111,11
55629,76,225,12637451332112,11
57058,78,196,12643571321321,11
58375,80,55,12645371131121,11
66800,91,461,12673542331133,11
70000,96,16,12734561112323,11
70187,96,203,12734561322233,11
70411,96,427,12734562313223,11
76545,105,0,12745631111111,11
76789,105,244,12745632111122,11
76881,105,336,12745632212213,11
76909,105,364,12745632222221,11
76935,105,390,12745632232211,11
77087,105,542,12745633131131,11
77217,105,672,12745633313312,11
77219,105,674,12745633313333,11
77244,105,699,12745633323311,11
79117,108,385,12753462231323,11
83552,114,446,12763452322232,11
87027,119,276,12765432121313,11
87114,119,363,12765432222212,11
87267,119,516,12765433121213,11
87461,119,710,12765433331333,11
87669,120,189,13245671321111,11
88938,122,0,13246571111111,11
88952,122,14,13246571112233,11
88961,122,23,13246571113232,11
89378,122,440,13246572321332,11
89402,122,464,13246572331232,11
89537,122,599,13246573221233,11
89617,122,679,13246573321223,11
89985,123,318,13246752133211,11
90974,124,578,13247563212131,11
92786,127,203,13254761322233,11
92797,127,214,13254761323322,11
93020,127,437,13254762321233,11
93277,127,694,13254763323122,11
95513,131,14,13257641112233,11
98431,135,16,13265741112323,11
98718,135,303,13265742131312,11
99183,136,39,13267451122211,11
99308,136,164,13267451311133,11
99875,137,2,13267541111132,11
100020,137,147,13267541232212,11
101347,139,16,13274651112323,11
102074,140,14,13275461112233,11
102648,140,588,13275463213211,11
102803,141,14,13275641112233,11
102805,141,16,13275641112323,11
103094,141,305,13275642131333,11
103369,141,580,13275643212221,11
103539,142,21,13276451113211,11
103673,142,155,13276451233133,11
104320,143,73,13276541133122,11
104352,143,105,13276541213312,11
104437,143,190,13276541321123,11
104451,143,204,13276541322311,11
104454,143,207,13276541323112,11
104461,143,214,13276541323322,11
104703,143,456,13276542323312,11
104941,143,694,13276543323122,11
113724,156,0,13462571111111,11
114072,156,348,13462572213311,11
125469,172,81,13527461211113,11
126986,174,140,13542671231231,11
128406,176,102,13546271213213,11
128444,176,140,13546271231231,11
128500,176,196,13546271321321,11
136361,187,38,13572641122133,11
138684,190,174,13576241312213,11
138706,190,196,13576241321321,11
143109,196,225,13627451332112,11
144454,198,112,13642571221223,11
144472,198,130,13642571223221,11
144940,198,598,13642573221221,11
145916,200,116,13645271221331,11
147987,203,0,13647521111111,11
156022,214,16,13675241112323,11
156471,214,465,13675242331313,11
160121,219,470,13725642332132,11
167965,230,295,13754262123323,11
170782,234,196,13762451321321,11
172131,236,87,13764251211311,11
172499,236,455,13764252323231,11
174504,239,273,13765422121211,11
184492,253,55,14263751131121,11
186820,256,196,14267351321321,11
190963,261,694,14275633323122,11
192456,264,0,14325671111111,11
192709,264,253,14325672112121,11
192841,264,385,14325672231323,11
192910,264,454,14325672323222,11
192992,264,536,14325673123232,11
193094,264,638,14325673232333,11
193106,264,650,14325673311131,11
196401,269,300,14327652131213,11
196617,269,516,14327653121213,11
197163,270,333,14352672212111,11
199033,273,16,14356721112323,11
199220,273,203,14356721322233,11
204566,280,446,14367252322232,11
205497,281,648,14367523311113,11
210228,288,276,14523672121313,11
210471,288,519,14523673121312,11
213630,293,33,14527631121311,11
213654,293,57,14527631131211,11
213675,293,78,14527631133311,11
213680,293,83,14527631211131,11
213760,293,163,14527631311121,11
213879,293,282,14527632122213,11
213930,293,333,14527632212111,11
214082,293,485,14527632333332,11
214153,293,556,14527633132322,11
214256,293,659,14527633312133,11
216438,296,654,14536273311311,11
218356,299,385,14537622231323,11
220612,302,454,14563272323222,11
221790,304,174,14567231312213,11
221806,304,190,14567231321123,11
224766,308,234,14573261333111,11
229635,315,0,14625731111111,11
229690,315,55,14625731131121,11
229838,315,203,14625731322233,11
229888,315,253,14625732112121,11
229903,315,268,14625732113321,11
229984,315,349,14625732213323,11
230031,315,396,14625732233111,11
230193,315,558,14625733133111,11
231822,318,0,14632571111111,11
232013,318,191,14632571321132,11
237608,325,683,14652733321331,11
242028,332,0,14673251111111,11
245676,337,3,14723651111213,11
245679,337,6,14723651111312,11
245684,337,11,14723651112131,11
245692,337,19,14723651113121,11
245757,337,84,14723651211212,11
246115,337,442,14723652322121,11
246137,337,464,14723652331232,11
246307,337,634,14723653232222,11
246339,337,666,14723653313111,11
246354,337,681,14723653321313,11
246402,338,0,14725361111111,11
246403,338,1,14725361111123,11
246608,338,206,14725361322332,11
246727,338,325,14725362211121,11
246972,338,570,14725363211213,11
246988,338,586,14725363213121,11
247017,338,615,14725363223213,11
247050,338,648,14725363311113,11
248716,341,127,14726531223122,11
248734,341,145,14726531232122,11
248748,341,159,14726531233313,11
248829,341,240,14726531333312,11
248982,341,393,14726532232313,11
249283,341,694,14726533323122,11
251613,345,108,14735621221112,11
251631,345,126,14735621223113,11
251639,345,134,14735621223332,11
251658,345,153,14735621233112,11
251712,345,207,14735621323112,11
251730,345,225,14735621332112,11
251739,345,234,14735621333111,11
251743,345,238,14735621333222,11
252236,346,2,14736251111132,11
252251,346,17,14736251112332,11
252841,346,607,14736253222223,11
253030,347,67,14736521132222,11
253037,347,74,14736521133131,11
253047,347,84,14736521211212,11
253070,347,107,14736521213333,11
253077,347,114,14736521221313,11
253157,347,194,14736521321231,11
253166,347,203,14736521322233,11
253189,347,226,14736521332121,11
253462,347,499,14736523112222,11
253469,347,506,14736523113131,11
254296,348,604,14752363222121,11
254326,348,634,14752363232222,11
254333,348,641,14752363233131,11
254421,349,0,14752631111111,11
254436,349,15,14752631112311,11
254632,349,211,14752631323223,11
254891,349,470,14752632332132,11
255010,349,589,14752633213223,11
255028,349,607,14752633222223,11
255034,349,613,14752633223123,11
255038,349,617,14752633223231,11
255258,350,108,14753261221112,11
255357,350,207,14753261323112,11
255384,350,234,14753261333111,11
258182,354,116,14762351221331,11
258260,354,194,14762351321231,11
258286,354,220,14762351331221,11
259636,356,112,14763251221223,11
259647,356,123,14763251222312,11
259757,356,233,14763251332331,11
259759,356,235,14763251333123,11
259966,356,442,14763252322121,11
260078,356,554,14763253132232,11
260084,356,560,14763253133132,11
260086,356,562,14763253133222,11
260087,356,563,14763253133231,11
260122,356,598,14763253221221,11
260127,356,603,14763253222112,11
260274,357,21,14763521113211,11
260275,357,22,14763521113223,11
260864,357,611,14763523222331,11
260985,358,3,14765231111213,11
260988,358,6,14765231111312,11
260993,358,11,14765231112131,11
261001,358,19,14765231113121,11
261056,358,74,14765231133131,11
261309,358,327,14765232211211,11
261376,358,394,14765232232322,11
261447,358,465,14765232331313,11
261488,358,506,14765233113131,11
261683,358,701,14765233323332,11
263898,362,0,15236471111111,11
264520,362,622,15236473231121,11
267034,366,220,15243671331221,11
268496,368,224,15246371331332,11
268505,368,233,15246371332331,11
268739,368,467,15246372331331,11
274959,377,126,15267431223113,11
276307,379,16,15273641112323,11
280446,384,510,15324673113311,11
284397,390,87,15342671211311,11
285964,392,196,15346271321321,11
292410,401,81,15367421211113,11
292455,401,126,15367421223113,11
292897,401,568,15367423211123,11
298890,410,0,15426371111111,11
298904,410,14,15426371112233,11
307818,422,180,15463271313113,11
317406,435,291,15624732123212,11
317436,435,321,15624732133313,11
317600,435,485,15624732333332,11
318699,437,126,15627431223113,11
318771,437,198,15627431322113,11
318798,437,225,15627431332112,11
321785,441,296,15634722123332,11
321926,441,437,15634722321233,11
323515,443,568,15637423211123,11
323676,444,0,15642371111111,11
324024,444,348,15642372213311,11
324062,444,386,15642372231332,11
324142,444,466,15642372331322,11
324258,444,582,15642373212311,11
324277,444,601,15642373221323,11
324301,444,625,15642373231223,11
325250,446,116,15643271221331,11
325354,446,220,15643271331221,11
325746,446,612,15643273223111,11
327182,448,590,15647233213232,11
328073,450,23,15672341113232,11
328257,450,207,15672341323112,11
328506,450,456,15672342323312,11
328640,450,590,15672343213232,11
329438,451,659,15672433312133,11
334217,458,335,15724362212132,11
334611,459,0,15724631111111,11
334698,459,87,15724631211311,11
334814,459,203,15724631322233,11
334904,459,293,15724632123233,11
335038,459,427,15724632313223,11
335066,459,455,15724632323231,11
335069,459,458,15724632323333,11
335167,459,556,15724633132322,11
339448,465,463,15734622331223,11
344817,473,0,15746321111111,11
345027,473,210,15746321323211,11
345240,473,423,15746322313112,11
345828,474,282,15762342122213,11
347004,476,0,15763241111111,11
347456,476,452,15763242323132,11
354359,486,65,16243571132132,11
354434,486,140,16243571231231,11
354490,486,196,16243571321321,11
355892,488,140,16245371231231,11
361516,495,661,16254733312223,11
362376,497,63,16257431132111,11
362926,497,613,16257433223123,11
363809,499,38,16273541122133,11
363967,499,196,16273541321321,11
366132,502,174,16275341312213,11
366484,502,526,16275343122221,11
370970,508,638,16327453232333,11
372010,510,220,16342571331221,11
373248,512,0,16345271111111,11
373322,512,74,16345271133131,11
373365,512,117,16345271222111,11
373694,512,446,16345272322232,11
373728,512,480,16345272333212,11
373777,512,529,16345273122323,11
373894,512,646,16345273233323,11
375009,514,303,16347252131312,11
375225,514,519,16347253121312,11
379935,521,126,16357421223113,11
382741,525,16,16374521112323,11
383293,525,568,16374523211123,11
385165,528,253,16423572112121,11
388644,533,87,16427531211311,11
388699,533,142,16427531231321,11
389039,533,482,16427532333233,11
395118,542,0,16453271111111,11
395199,542,81,16453271211113,11
395363,542,245,16453272111131,11
401505,550,555,16475233132313,11
403126,552,718,16523473332323,11
403149,553,12,16523741112212,11
404607,555,12,16524731112212,11
404609,555,14,16524731112233,11
404615,555,20,16524731113133,11
405324,556,0,16527341111111,11
406106,557,53,16527431123333,11
406172,557,119,16527431222132,11
406228,557,175,16527431312222,11
406290,557,237,16527431333213,11
406322,557,269,16527432113333,11
406384,557,331,16527432211322,11
406432,557,379,16527432231122,11
406439,557,386,16527432231332,11
406519,557,466,16527432331322,11
406530,557,477,16527432333113,11
406712,557,659,16527433312133,11
406786,558,4,16532471111222,11
408240,560,0,16534271111111,11
408242,560,2,16534271111132,11
408807,560,567,16534273211111,11
409537,561,568,16534723211123,11
410431,563,4,16537421111222,11
410452,563,25,16537421113322,11
410453,563,26,16537421113331,11
410553,563,126,16537421223113,11
410580,563,153,16537421233112,11
410652,563,225,16537421332112,11
411272,564,116,16542371221331,11
411376,564,220,16542371331221,11
411416,564,260,16542372112331,11
412726,566,112,16543271221223,11
412744,566,130,16543271223221,11
412838,566,224,16543271331332,11
412847,566,233,16543271332331,11
413081,566,467,16543272331331,11
413212,566,598,16543273221221,11
413343,567,0,16543721111111,11
413364,567,21,16543721113211,11
414790,568,718,16547233332323,11
414827,569,26,16547321113331,11
416259,571,0,16572431111111,11
416848,571,589,16572433213223,11
417034,572,46,16573241123123,11
417165,572,177,16573241312312,11
418466,574,20,16574231113133,11
419942,576,38,16723451122133,11
420108,576,204,16723451322311,11
423582,581,33,16725431121311,11
423606,581,57,16725431131211,11
423631,581,82,16725431211122,11
423632,581,83,16725431211131,11
423712,581,163,16725431311121,11
423874,581,325,16725432211121,11
423940,581,391,16725432232223,11
424059,581,510,16725433113311,11
424074,581,525,16725433122212,11
424274,581,725,16725433333232,11
427476,586,282,16735242122213,11
429045,588,393,16742352232313,11
430564,590,454,16743252323222,11
431844,592,276,16745232121313,11
431851,592,283,16745232122222,11
432084,592,516,16745233121213,11
432294,592,726,16745233333313,11
434592,596,108,16753241221112,11
444690,610,0,17246351111111,11
454659,623,492,17265433111313,11
454984,624,88,17324561211323,11
455048,624,152,17324561232332,11
458145,628,333,17326452212111,11
466656,640,96,17356241212313,11
466892,640,332,17356242211331,11
468105,642,87,17362451211311,11
468160,642,142,17362451231321,11
468366,642,348,17362452213311,11
469616,644,140,17364251231231,11
473711,649,590,17423653213232,11
474615,651,36,17425631122112,11
474705,651,126,17425631223113,11
474759,651,180,17425631313113,11
474777,651,198,17425631322113,11
474785,651,206,17425631322332,11
474786,651,207,17425631323112,11
474790,651,211,17425631323223,11
474804,651,225,17425631332112,11
476051,653,14,17426531112233,11
476067,653,30,17426531121212,11
476106,653,69,17426531132312,11
476137,653,100,17426531213123,11
476167,653,130,17426531223221,11
476186,653,149,17426531232233,11
476219,653,182,17426531313131,11
476261,653,224,17426531331332,11
476310,653,273,17426532121211,11
476504,653,467,17426532331331,11
479279,657,326,17435622211133,11
479521,657,568,17435623211123,11
480623,659,212,17436521323232,11
481730,660,590,17452363213232,11
481826,660,686,17452363322132,11
482459,661,590,17452633213232,11
482924,662,326,17453262211133,11
485862,666,348,17462352213311,11
487008,668,36,17463251122112,11
487088,668,116,17463251221331,11
487152,668,180,17463251313113,11
487166,668,194,17463251321231,11
487179,668,207,17463251323112,11
487192,668,220,17463251331221,11
493588,677,55,17526431131121,11
493675,677,142,17526431231321,11
493826,677,293,17526432123233,11
500094,686,0,17543261111111,11
500157,686,63,17543261132111,11
516861,709,0,17642531111111,11
516875,709,14,17642531112233,11
517521,709,660,17642533312211,11
517626,710,36,17643251122112,11
524880,720,0,21345671111111,11
525985,721,376,21345762223322,11
526030,721,421,21345762312323,11
526036,721,427,21345762313223,11
526325,721,716,21345763332233,11
527497,723,430,21346752313322,11
528217,724,421,21347562312323,11
529290,726,36,21354671122112,11
529314,726,60,21354671131313,11
529362,726,108,21354671221112,11
529660,726,406,21354672311123,11
529661,726,407,21354672311132,11
529680,726,426,21354672313211,11
529794,726,540,21354673131113,11
529997,727,14,21354761112233,11
529998,727,15,21354761112311,11
530004,727,21,21354761113211,11
530008,727,25,21354761113322,11
530022,727,39,21354761122211,11
530061,727,78,21354761133311,11
530331,727,348,21354762213311,11
530643,727,660,21354763312211,11
532575,730,405,21357462311111,11
532763,730,593,21357463213331,11
533252,731,353,21357642221132,11
534762,733,405,21364752311111,11
534936,733,579,21364753212212,11
536172,735,357,21365742221312,11
536236,735,421,21365742312323,11
536714,736,170,21367451311331,11
536796,736,252,21367452112112,11
539452,739,721,21374653333121,11
539879,740,419,21375462312233,11
540183,740,723,21375463333211,11
541648,743,1,21376541111123,11
541662,743,15,21376541112311,11
541686,743,39,21376541122211,11
541703,743,56,21376541131133,11
550585,755,190,21457631321123,11
556206,762,708,21473563331312,11
562421,771,362,21536742222131,11
587959,806,385,21654372231323,11
587977,806,403,21654372233321,11
588286,806,712,21654373332122,11
588289,806,715,21654373332221,11
595883,817,290,21734652123131,11
615566,844,290,23147562123131,11
616021,845,16,23147651112323,11
616426,845,421,23147652312323,11
618311,848,119,23156471222132,11
618428,848,236,23156471333132,11
618893,848,701,23156473323332,11
619793,850,143,23157461231333,11
619948,850,298,23157462131123,11
621695,852,587,23164573213133,11
622140,853,303,23164752131312,11
622563,853,726,23164753333313,11
622566,854,0,23165471111111,11
622730,854,164,23165471311133,11
622739,854,173,23165471312132,11
622810,854,244,23165472111122,11
622817,854,251,23165472111332,11
622880,854,314,23165472132332,11
622971,854,405,23165472311111,11
623209,854,643,23165473233221,11
623311,855,16,23165741112323,11
623436,855,141,23165741231312,11
623585,855,290,23165742123131,11
623599,855,304,23165742131321,11
623600,855,305,23165742131333,11
623716,855,421,23165742312323,11
624003,855,708,23165743331312,11
624913,857,160,23167541233322,11
625054,857,301,23167542131222,11
626501,859,290,23174652123131,11
627511,860,571,23175463211222,11
628708,862,310,23176452132221,11
629114,862,716,23176453332233,11
632316,867,273,23416752121211,11
633403,868,631,23417563232123,11
636272,872,584,23456173212332,11
636328,872,640,23456173233122,11
637001,873,584,23456713212332,11
644706,884,270,23475162121112,11
650573,892,305,23517462131333,11
664522,911,403,23576412233321,11
664540,911,421,23576412312323,11
676782,928,270,23657142121112,11
678257,930,287,23671452122333,11
680065,932,637,23674153232321,11
691156,948,64,23751461132123,11
691594,948,502,23751463112321,11
694619,952,611,23756143222331,11
694860,953,123,23756411222312,11
695340,953,603,23756413222112,11
695355,953,618,23756413223312,11
695427,953,690,23756413322312,11
704651,966,437,24153672321233,11
707313,970,183,24157361313212,11
707580,970,450,24157362323111,11
712058,976,554,24167353132232,11
714146,979,455,24173652323231,11
717990,984,654,24315673311311,11
718108,985,43,24315761122322,11
718414,985,349,24315762213323,11
721803,990,93,24351671212211,11
722198,990,488,24351673111133,11
722364,990,654,24351673311311,11
722440,991,1,24351761111123,11
722534,991,95,24351761212232,11
729936,1001,207,24367511323112,11
730216,1001,487,24367513111121,11
734464,1007,361,24376512222122,11
737415,1011,396,24516732233111,11
739738,1014,532,24531673123121,11
742019,1017,626,24536713231232,11
743479,1019,628,24537613231322,11
743825,1020,245,24561372111131,11
745797,1023,30,24563711121212,11
746042,1023,275,24563712121232,11
746284,1023,517,24563713121222,11
748308,1026,354,24571362221213,11
748713,1027,30,24571631121212,11
753803,1034,17,24615371112332,11
754134,1034,348,24615372213311,11
754557,1035,42,24615731122313,11
754586,1035,71,24615731132333,11
754765,1035,250,24615732111323,11
754863,1035,348,24615732213311,11
754918,1035,403,24615732233321,11
755026,1035,511,24615733113323,11
755164,1035,649,24615733311122,11
756376,1037,403,24617532233321,11
760754,1043,407,24637512311132,11
761827,1045,22,24651731113223,11
762047,1045,242,24651731333333,11
771938,1058,656,24715363311332,11
772011,1059,0,24715631111111,11
772048,1059,37,24715631122121,11
772049,1059,38,24715631122133,11
772438,1059,427,24715632313223,11
772506,1059,495,24715633112111,11
772553,1059,542,24715633131131,11
773924,1061,455,24716532323231,11
774198,1062,0,24731561111111,11
774608,1062,410,24731562311231,11
778211,1067,368,24736512222332,11
778928,1068,356,24751362221231,11
779004,1068,432,24751362321113,11
783787,1075,112,24761531221223,11
784404,1076,0,24763151111111,11
787194,1079,603,24765313222112,11
787723,1080,403,25134672233321,11
787741,1080,421,25134672312323,11
787746,1080,426,25134672313211,11
790236,1084,0,25137461111111,11
790324,1084,88,25137461211323,11
796813,1093,16,25163741112323,11
805308,1104,492,25314673111313,11
805310,1104,494,25314673111331,11
805362,1104,546,25314673131311,11
809700,1110,510,25341673113311,11
810346,1111,427,25341762313223,11
815432,1118,410,25364172311231,11
815639,1118,617,25364173223231,11
817291,1121,82,25367411211122,11
822762,1128,450,25413672323111,11
823558,1129,517,25413763121222,11
829041,1137,168,25436711311313,11
829162,1137,289,25436712123122,11
829169,1137,296,25436712123332,11
829180,1137,307,25436712132122,11
829328,1137,455,25436712323231,11
829510,1137,637,25436713232321,11
829585,1137,712,25436713332122,11
833831,1143,584,25463713212332,11
835886,1146,452,25471362323132,11
836337,1147,174,25471631312213,11
845002,1159,91,25631741212121,11
847049,1161,680,25634713321232,11
848657,1164,101,25641371213132,11
859781,1179,290,25714632123131,11
859868,1179,377,25714632223331,11
859917,1179,426,25714632313211,11
860012,1179,521,25714633121333,11
861043,1181,94,25716431212223,11
861564,1181,615,25716433223213,11
862797,1183,390,25731642232211,11
863487,1184,351,25734162221111,11
864376,1185,511,25734613113323,11
864595,1186,1,25736141111123,11
864752,1186,158,25736141233232,11
865395,1187,72,25736411133113,11
865465,1187,142,25736411231321,11
865518,1187,195,25736411321312,11
865539,1187,216,25736411331113,11
865854,1187,531,25736413123112,11
866196,1188,144,25741361232113,11
867148,1189,367,25741632222323,11
867202,1189,421,25741632312323,11
868397,1191,158,25743611233232,11
872255,1196,371,25763142223133,11
872845,1197,232,25763411332322,11
877297,1203,310,26135742132221,11
877336,1203,349,26135742213323,11
877461,1203,474,26135742332312,11
883585,1212,37,26153471122121,11
884090,1212,542,26153473131131,11
884098,1212,550,26153473132121,11
885477,1214,471,26154372332213,11
892028,1223,461,26175432331133,11
895305,1228,93,26317451212211,11
898983,1233,126,26345711223113,11
905913,1242,495,26371453112111,11
912184,1251,205,26415731322323,11
912253,1251,274,26415732121223,11
912382,1251,403,26415732233321,11
916714,1257,361,26435712222122,11
916756,1257,403,26435712233321,11
916760,1257,407,26435712311132,11
916801,1257,448,26435712322322,11
917002,1257,649,26435713311122,11
917075,1257,722,26435713333133,11
918096,1259,285,26437512122312,11
920324,1262,326,26453172211133,11
920969,1263,242,26453711333333,11
927325,1272,37,26513471122121,11
930930,1276,726,26517343333313,11
934575,1281,726,26534713333313,11
937494,1286,0,26543171111111,11
937539,1286,45,26543171123111,11
940228,1289,547,26547313131323,11
943305,1293,708,26573413331312,11
947063,1299,92,26714531212133,11
947243,1299,272,26714532121133,11
949057,1301,628,26715433231322,11
953676,1308,144,26741351232113,11
955994,1311,275,26743512121232,11
962336,1320,56,27134561131133,11
973622,1335,407,27154632311132,11
980931,1345,426,27314652313211,11
996978,1367,435,27365412321212,11
999270,1370,540,27415363131113,11
999914,1371,455,27415632323231,11
1000141,1371,682,27415633321322,11
1001237,1373,320,27416532133232,11
1001597,1373,680,27416533321232,11
1004116,1377,283,27435612122222,11
1007523,1382,45,27453161123111,11
1007541,1382,63,27453161132111,11
1009489,1384,553,27456133132223,11
1017684,1396,0,27516341111111,11
1020600,1400,0,27534161111111,11
1020601,1400,1,27534161111123,11
1021005,1400,405,27534162311111,11
1021736,1401,407,27534612311132,11
1023261,1403,474,27536412332312,11
1025704,1407,1,27543611111123,11
1025705,1407,2,27543611111132,11
1027540,1409,379,27546312231122,11
1033715,1417,722,27613543333133,11
1034378,1418,656,27614353311332,11
1036088,1421,179,27615431312333,11
1036177,1421,268,27615432113321,11
1036578,1421,669,27615433313213,11
1038881,1425,56,27634511131133,11
1039228,1425,403,27634512233321,11
1043852,1431,653,27643513311233,11
1052607,1443,660,31246753312211,11
1053428,1445,23,31247651113232,11
1053617,1445,212,31247651323232,11
1055731,1448,139,31256471231222,11
1057414,1450,364,31257462222221,11
1057470,1450,420,31257462312311,11
1058428,1451,649,31257643311122,11
1058790,1452,282,31264572122213,11
1059063,1452,555,31264573132313,11
1059115,1452,607,31264573222223,11
1059544,1453,307,31264752132122,11
1059661,1453,424,31264752313121,11
1059966,1454,0,31265471111111,11
1060002,1454,36,31265471122112,11
1060004,1454,38,31265471122133,11
1060140,1454,174,31265471312213,11
1060146,1454,180,31265471313113,11
1060155,1454,189,31265471321111,11
1060369,1454,403,31265472233321,11
1060385,1454,419,31265472312233,11
1060856,1455,161,31265741233331,11
1062518,1457,365,31267542222233,11
1062578,1457,425,31267542313133,11
1064354,1460,14,31275461112233,11
1064543,1460,203,31275461322233,11
1064658,1460,318,31275462133211,11
1064712,1460,372,31275462223211,11
1064748,1460,408,31275462311213,11
1064757,1460,417,31275462312212,11
1064989,1460,649,31275463311122,11
1066120,1462,322,31276452133322,11
1066227,1462,429,31276452313313,11
1071840,1470,210,31452671323211,11
1071860,1470,230,31452671332232,11
1072079,1470,449,31452672322331,11
1074064,1473,247,31456722111221,11
1076733,1477,0,31462751111111,11
1076758,1477,25,31462751113322,11
1082039,1484,203,31475261322233,11
1082301,1484,465,31475262331313,11
1082317,1484,481,31475262333221,11
1085464,1488,712,31524673332122,11
1089109,1493,712,31527643332122,11
1095291,1502,333,31564272212111,11
1095306,1502,348,31564272213311,11
1095468,1502,510,31564273113311,11
1097912,1506,38,31572461122133,11
1102991,1513,14,31624751112233,11
1103637,1513,660,31624753312211,11
1105523,1516,359,31627452221333,11
1112884,1526,430,31654272313322,11
1130896,1551,217,31754621331122,11
1136224,1558,442,31765242322121,11
1137240,1560,0,32145671111111,11
1137293,1560,53,32145671123333,11
1137307,1560,67,32145671132222,11
1137348,1560,108,32145671221112,11
1137482,1560,242,32145671333333,11
1137509,1560,269,32145672113333,11
1137577,1560,337,32145672212222,11
1137739,1560,499,32145673112222,11
1137888,1560,648,32145673311113,11
1139578,1563,151,32146751232323,11
1139818,1563,391,32146752232223,11
1140583,1564,427,32147562313223,11
1140638,1564,482,32147562333233,11
1140938,1565,53,32147651123333,11
1140952,1565,67,32147651132222,11
1140992,1565,107,32147651213333,11
1141060,1565,175,32147651312222,11
1141154,1565,269,32147652113333,11
1141271,1565,386,32147652231332,11
1141284,1565,399,32147652233213,11
1141351,1565,466,32147652331322,11
1141356,1565,471,32147652332213,11
1141384,1565,499,32147653112222,11
1143072,1568,0,32156471111111,11
1143093,1568,21,32156471113211,11
1143224,1568,152,32156471232332,11
1143494,1568,422,32156472312332,11
1143542,1568,470,32156472332132,11
1143547,1568,475,32156472332321,11
1143557,1568,485,32156472333332,11
1143685,1568,613,32156473223123,11
1143817,1569,16,32156741112323,11
1144207,1569,406,32156742311123,11
1144228,1569,427,32156742313223,11
1144280,1569,479,32156742333131,11
1145410,1571,151,32157641232323,11
1145644,1571,385,32157642231323,11
1145988,1572,0,32164571111111,11
1145993,1572,5,32164571111231,11
1146139,1572,151,32164571232323,11
1146379,1572,391,32164572232223,11
1146381,1572,393,32164572232313,11
1146391,1572,403,32164572233321,11
1146409,1572,421,32164572312323,11
1146684,1572,696,32164573323212,11
1148175,1575,0,32165741111111,11
1148177,1575,2,32165741111132,11
1148332,1575,157,32165741233223,11
1148499,1575,324,32165742211112,11
1148634,1575,459,32165742331112,11
1148825,1575,650,32165743311131,11
1148904,1576,0,32167451111111,11
1149011,1576,107,32167451213333,11
1149025,1576,121,32167451222222,11
1149079,1576,175,32167451312222,11
1149138,1576,234,32167451333111,11
1149229,1576,325,32167452211121,11
1149513,1576,609,32167453222313,11
1149578,1576,674,32167453313333,11
1149584,1576,680,32167453321232,11
1150378,1578,16,32174561112323,11
1150506,1578,144,32174561232113,11
1150511,1578,149,32174561232233,11
1150743,1578,381,32174562231212,11
1151513,1579,422,32174652312332,11
1151561,1579,470,32174652332132,11
1151820,1580,0,32175461111111,11
1151838,1580,18,32175461113112,11
1151928,1580,108,32175461221112,11
1152054,1580,234,32175461333111,11
1152216,1580,396,32175462233111,11
1152241,1580,421,32175462312323,11
1157440,1587,517,32416753121222,11
1157920,1588,268,32417562113321,11
1158689,1589,308,32417652132131,11
1158931,1589,550,32417653132121,11
1160299,1591,460,32451762331121,11
1161152,1592,584,32456173212332,11
1161452,1593,155,32456711233133,11
1165195,1598,253,32465172112121,11
1165250,1598,308,32465172132131,11
1165258,1598,316,32465172133121,11
1165417,1598,475,32465172332321,11
1165474,1598,532,32465173123121,11
1165492,1598,550,32465173132121,11
1165500,1598,558,32465173133111,11
1165585,1598,643,32465173233221,11
1169467,1604,151,32475161232323,11
1170022,1604,706,32475163331222,11
1172138,1607,635,32476513232231,11
1175694,1612,546,32517463131311,11
1179489,1617,696,32546713323212,11
1180278,1619,27,32547611121113,11
1180305,1619,54,32547611131112,11
1180350,1619,99,32547611213111,11
1180422,1619,171,32547611312111,11
1180500,1619,249,32547612111311,11
1180740,1619,489,32547613111211,11
1181000,1620,20,32561471113133,11
1181013,1620,33,32561471121311,11
1181019,1620,39,32561471122211,11
1181037,1620,57,32561471131211,11
1181063,1620,83,32561471211131,11
1181143,1620,163,32561471311121,11
1181301,1620,321,32561472133313,11
1181323,1620,343,32561472213122,11
1181587,1620,607,32561473222223,11
1181676,1620,696,32561473323212,11
1184908,1625,283,32567412122222,11
1184928,1625,303,32567412131312,11
1184988,1625,363,32567412222212,11
1185168,1625,543,32567413131212,11
1185191,1625,566,32567413133333,11
1188697,1630,427,32576142313223,11
1191898,1634,712,32615473332122,11
1197334,1642,316,32647152133121,11
1197568,1642,550,32647153132121,11
1198229,1643,482,32647512333233,11
1201908,1648,516,32657143121213,11
1202367,1649,246,32657412111212,11
1203387,1650,537,32671453123313,11
1204577,1652,269,32674152113333,11
1208423,1657,470,32714652332132,11
1210431,1660,291,32716452123212,11
1212360,1663,33,32741651121311,11
1212384,1663,57,32741651131211,11
1212410,1663,83,32741651211131,11
1212490,1663,163,32741651311121,11
1212570,1663,243,32741652111113,11
1212813,1663,486,32741653111112,11
1213919,1665,134,32745611223332,11
1214215,1665,430,32745612313322,11
1214234,1665,449,32745612322331,11
1217381,1669,680,32751643321232,11
1217998,1670,568,32754163211123,11
1219042,1672,154,32756141233121,11
1220622,1674,276,32761452121313,11
1220629,1674,283,32761452122222,11
1220709,1674,363,32761452222212,11
1220865,1674,519,32761453121312,11
1220912,1674,566,32761453133333,11
1224004,1679,13,32765411112221,11
1224018,1679,27,32765411121113,11
1224045,1679,54,32765411131112,11
1224063,1679,72,32765411133113,11
1224207,1679,216,32765411331113,11
1224348,1679,357,32765412221312,11
1224445,1679,454,32765412323222,11
1224516,1679,525,32765413122212,11
1224609,1679,618,32765413223312,11
1224616,1679,625,32765413231223,11
1224681,1679,690,32765413322312,11
1225020,1680,300,34125672131213,11
1225023,1680,303,34125672131312,11
1225075,1680,355,34125672221222,11
1225286,1680,566,34125673133333,11
1228392,1685,27,34127651121113,11
1228419,1685,54,34127651131112,11
1228464,1685,99,34127651213111,11
1228536,1685,171,34127651312111,11
1228614,1685,249,34127652111311,11
1228854,1685,489,34127653111211,11
1234506,1693,309,34162752132212,11
1234938,1694,12,34165271112212,11
1234959,1694,33,34165271121311,11
1234983,1694,57,34165271131211,11
1235009,1694,83,34165271211131,11
1235089,1694,163,34165271311121,11
1235090,1694,164,34165271311133,11
1235384,1694,458,34165272323333,11
1235490,1694,564,34165273133312,11
1235536,1694,610,34165273222322,11
1235576,1694,650,34165273311131,11
1236733,1696,349,34167252213323,11
1238156,1698,314,34172562132332,11
1238273,1698,431,34172562313331,11
1239980,1700,680,34175263321232,11
1244017,1706,343,34216572213122,11
1251272,1716,308,34261572132131,11
1251280,1716,316,34261572133121,11
1251496,1716,532,34261573123121,11
1253486,1719,335,34265712212132,11
1256970,1724,174,34275161312213,11
1257055,1724,259,34275162112322,11
1257142,1724,346,34275162213221,11
1261170,1730,0,34516271111111,11
1261592,1730,422,34516272312332,11
1262326,1731,427,34516722313223,11
1263742,1733,385,34517622231323,11
1264460,1734,374,34521672223232,11
1266909,1737,636,34526713232312,11
1268062,1739,331,34527612211322,11
1268110,1739,379,34527612231122,11
1268117,1739,386,34527612231332,11
1268197,1739,466,34527612331322,11
1268390,1739,659,34527613312133,11
1268740,1740,280,34561272122123,11
1268746,1740,286,34561272122321,11
1268796,1740,336,34561272212213,11
1268803,1740,343,34561272213122,11
1268850,1740,390,34561272232211,11
1269059,1740,599,34561273221233,11
1269101,1740,641,34561273233131,11
1269113,1740,653,34561273311233,11
1269133,1740,673,34561273313321,11
1269137,1740,677,34561273321133,11
1269139,1740,679,34561273321223,11
1269189,1741,0,34561721111111,11
1270107,1742,189,34562171321111,11
1270112,1742,194,34562171321231,11
1270311,1742,393,34562172232313,11
1272479,1745,374,34567212223232,11
1280370,1756,246,34617252111212,11
1280415,1756,291,34617252123212,11
1280433,1756,309,34617252132212,11
1281212,1757,359,34617522221333,11
1281890,1758,308,34621572132131,11
1283286,1760,246,34625172111212,11
1285620,1763,393,34627512232313,11
1286001,1764,45,34651271123111,11
1286426,1764,470,34651272332132,11
1294336,1775,361,34675212222122,11
1296514,1778,352,34715262221123,11
1298721,1781,372,34716522223211,11
1300083,1783,276,34721652121313,11
1300107,1783,300,34721652131213,11
1300162,1783,355,34721652221222,11
1300170,1783,363,34721652222212,11
1300533,1783,726,34721653333313,11
1301358,1785,93,34725611212211,11
1301508,1785,243,34725612111113,11
1301542,1785,277,34725612121322,11
1301646,1785,381,34725612231212,11
1301651,1785,386,34725612231332,11
1301711,1785,446,34725612322232,11
1301731,1785,466,34725612331322,11
1301751,1785,486,34725613111112,11
1301753,1785,488,34725613111133,11
1301818,1785,553,34725613132223,11
1301913,1785,648,34725613311113,11
1308280,1794,454,34761252323222,11
1314534,1803,147,35126741232212,11
1314770,1803,383,35126742231233,11
1315583,1804,467,35127462331331,11
1321232,1812,284,35162472122231,11
1321241,1812,293,35162472123233,11
1321474,1812,526,35162473122221,11
1321643,1812,695,35162473323131,11
1321660,1812,712,35162473332122,11
1321661,1812,713,35162473332131,11
1322026,1813,349,35162742213323,11
1324173,1816,309,35167242132212,11
1325473,1818,151,35172461232323,11
1327124,1820,344,35174262213131,11
1327158,1820,378,35174262231113,11
1335528,1832,0,35246171111111,11
1335553,1832,25,35246171113322,11
1335876,1832,348,35246172213311,11
1341491,1840,131,35267141223233,11
1341551,1840,191,35267141321132,11
1343021,1842,203,35271461322233,11
1349397,1851,18,35416721113112,11
1350012,1851,633,35416723232213,11
1351208,1853,371,35417622223133,11
1354052,1857,299,35426712131132,11
1354164,1857,411,35426712311312,11
1354245,1857,492,35426713111313,11
1354293,1857,540,35426713131113,11
1354413,1857,660,35426713312211,11
1355945,1860,5,35461271111231,11
1356134,1860,194,35461271321231,11
1356307,1860,367,35461272222323,11
1357458,1862,60,35462171131313,11
1357489,1862,91,35462171212121,11
1357510,1862,112,35462171221223,11
1357631,1862,233,35462171332331,11
1357746,1862,348,35462172213311,11
1357775,1862,377,35462172223331,11
1357814,1862,416,35462172312131,11
1357932,1862,534,35462173123211,11
1357944,1862,546,35462173131311,11
1357996,1862,598,35462173221221,11
1358575,1863,448,35462712322322,11
1362381,1868,609,35472163222313,11
1362400,1868,628,35472163231322,11
1363581,1870,351,35476122221111,11
1367312,1875,437,35614722321233,11
1368881,1877,548,35617423131332,11
1371524,1881,275,35624712121232,11
1371684,1881,435,35624712321212,11
1371689,1881,440,35624712321332,11
1371713,1881,464,35624712331232,11
1384864,1899,493,35714623111322,11
1387641,1903,354,35721642221213,11
1397124,1916,360,35762142222113,11
1401146,1922,8,36125471111333,11
1401228,1922,90,36125471212112,11
1401237,1922,99,36125471213111,11
1401255,1922,117,36125471222111,11
1401309,1922,171,36125471312111,11
1401387,1922,249,36125472111311,11
1401412,1922,274,36125472121223,11
1401627,1922,489,36125473111211,11
1401772,1922,634,36125473232222,11
1401836,1922,698,36125473323233,11
1402478,1923,611,36125743222331,11
1402834,1924,238,36127451333222,11
1405795,1928,283,36145272122222,11
1405812,1928,300,36145272131213,11
1405815,1928,303,36145272131312,11
1406238,1928,726,36145273333313,11
1407003,1930,33,36147251121311,11
1407027,1930,57,36147251131211,11
1407053,1930,83,36147251211131,11
1407133,1930,163,36147251311121,11
1407213,1930,243,36147252111113,11
1407456,1930,486,36147253111112,11
1409298,1933,141,36152741231312,11
1409461,1933,304,36152742131321,11
1413119,1938,317,36172452133133,11
1420397,1948,305,36217452131333,11
1420953,1949,132,36217541223311,11
1421406,1949,585,36217543213112,11
1422134,1950,584,36241573212332,11
1422861,1951,582,36241753212311,11
1436421,1970,291,36415272123212,11
1438611,1973,294,36417522123311,11
1453959,1994,333,36514272212111,11
1456810,1998,268,36521472113321,11
1457002,1998,460,36521472331121,11
1460243,2003,56,36527411131133,11
1460430,2003,243,36527412111113,11
1460488,2003,301,36527412131222,11
1460518,2003,331,36527412211322,11
1460544,2003,357,36527412221312,11
1460566,2003,379,36527412231122,11
1460633,2003,446,36527412322232,11
1460673,2003,486,36527413111112,11
1460841,2003,654,36527413311311,11
1461370,2004,454,36541272323222,11
1463380,2007,277,36542712121322,11
1464837,2009,276,36547212121313,11
1464844,2009,283,36547212122222,11
1464864,2009,303,36547212131312,11
1464916,2009,355,36547212221222,11
1465271,2009,710,36547213331333,11
1470663,2017,270,36712542121112,11
1470664,2017,271,36712542121121,11
1470666,2017,273,36712542121211,11
1470672,2017,279,36712542122111,11
1471513,2018,391,36714252232223,11
1471995,2019,144,36714521232113,11
1472128,2019,277,36714522121322,11
1472133,2019,282,36714522122213,11
1472404,2019,553,36714523132223,11
1472407,2019,556,36714523132322,11
1474100,2022,62,36721451131331,11
1474315,2022,277,36721452121322,11
1474318,2022,280,36721452122123,11
1474320,2022,282,36721452122213,11
1474324,2022,286,36721452122321,11
1474335,2022,297,36721452131111,11
1474412,2022,374,36721452223232,11
1474542,2022,504,36721453113113,11
1474551,2022,513,36721453121111,11
1477713,2027,30,36725411121212,11
1477743,2027,60,36725411131313,11
1477774,2027,91,36725411212121,11
1477865,2027,182,36725411313131,11
1477929,2027,246,36725412111212,11
1477953,2027,270,36725412121112,11
1477956,2027,273,36725412121211,11
1477958,2027,275,36725412121232,11
1477974,2027,291,36725412123212,11
1478118,2027,435,36725412321212,11
1478175,2027,492,36725413111313,11
1478223,2027,540,36725413131113,11
1478229,2027,546,36725413131311,11
1478692,2028,280,36741252122123,11
1478698,2028,286,36741252122321,11
1478699,2028,287,36741252122333,11
1478707,2028,295,36741252123323,11
1479053,2028,641,36741253233131,11
1482142,2033,85,36745211211221,11
1482331,2033,274,36745212121223,11
1482342,2033,285,36745212122312,11
1482344,2033,287,36745212122333,11
1482352,2033,295,36745212123323,11
1482354,2033,297,36745212131111,11
1482431,2033,374,36745212223232,11
1482570,2033,513,36745213121111,11
1482599,2033,542,36745213131131,11
1482615,2033,558,36745213133111,11
1482690,2033,633,36745213232213,11
1483396,2034,610,36751243222322,11
1484525,2036,281,36752142122132,11
1484536,2036,292,36752142123221,11
1484798,2036,554,36752143132232,11
1484806,2036,562,36752143133222,11
1484813,2036,569,36752143211132,11
1486336,2038,634,36754123232222,11
1512689,2075,14,37246511112233,11
1516757,2080,437,37256142321233,11
1524820,2091,481,37415622333221,11
1530726,2099,555,37426513132313,11
1532814,2102,456,37452162323312,11
1543776,2117,483,37516422333311,11
1552932,2130,162,37561241311112,11
1557671,2136,527,37612453122233,11
1558224,2137,351,37612542221111,11
1558954,2138,352,37614252221123,11
1559331,2139,0,37614521111111,11
1559543,2139,212,37614521323232,11
1559578,2139,247,37614522111221,11
1559599,2139,268,37614522113321,11
1559761,2139,430,37614522313322,11
1559787,2139,456,37614522323312,11
1559964,2139,633,37614523232213,11
1560814,2141,25,37615421113322,11
1561115,2141,326,37615422211133,11
1561160,2141,371,37615422223133,11
1561213,2141,424,37615422313121,11
1561220,2141,431,37615422313331,11
1561304,2141,515,37615423121132,11
1563384,2144,408,37624152311213,11
1563854,2145,149,37624511232233,11
1563982,2145,277,37624512121322,11
1564086,2145,381,37624512231212,11
1564252,2145,547,37624513131323,11
1564332,2145,627,37624513231313,11
1566259,2148,367,37641252222323,11
1567698,2150,348,37642152213311,11
1568605,2151,526,37642513122221,11
1569226,2152,418,37645122312221,11
1570592,2154,326,37651242211133,11
1571415,2155,420,37651422312311,11
1571747,2156,23,37652141113232,11
1572352,2156,628,37652143231322,11
1574320,2159,409,37654212311222,11
1577464,2163,637,41236753232321,11
1577738,2164,182,41237561313131,11
1584292,2173,175,41263751312222,11
1592229,2184,93,41325671212211,11
1593292,2185,427,41325762313223,11
1593410,2185,545,41325763131233,11
1596600,2190,90,41352671212112,11
1596601,2190,91,41352671212121,11
1596627,2190,117,41352671222111,11
1600578,2195,423,41357622313112,11
1604288,2200,488,41367253111133,11
1614432,2214,426,41532672313211,11
1614890,2215,155,41532761233133,11
1620348,2222,510,41563273113311,11
1626736,2231,337,41576322212222,11
1629012,2234,426,41625372313211,11
1629102,2234,516,41625373121213,11
1629437,2235,122,41625731222231,11
1633780,2241,91,41635721212121,11
1639644,2249,123,41657321222312,11
1642045,2252,337,41673252212222,11
1642437,2253,0,41673521111111,11
1645050,2256,426,41723562313211,11
1646226,2258,144,41725361232113,11
1646274,2258,192,41725361321213,11
1646436,2258,354,41725362221213,11
1646508,2258,426,41725362313211,11
1646509,2258,427,41725362313223,11
1646599,2258,517,41725363121222,11
1646600,2258,518,41725363121231,11
1646811,2259,0,41725631111111,11
1646893,2259,82,41725631211122,11
1647260,2259,449,41725632322331,11
1647299,2259,488,41725633111133,11
1647325,2259,514,41725633121123,11
1647378,2259,567,41725633211111,11
1647970,2260,430,41726352313322,11
1648688,2261,419,41726532312233,11
1650669,2264,213,41735261323313,11
1650875,2264,419,41735262312233,11
1650991,2264,535,41735263123223,11
1651343,2265,158,41735621233232,11
1651615,2265,430,41735622313322,11
1652801,2267,158,41736521233232,11
1653116,2267,473,41736522332231,11
1654219,2269,118,41752631222123,11
1654507,2269,406,41752632311123,11
1654522,2269,421,41752632312323,11
1654527,2269,426,41752632313211,11
1656480,2272,192,41756231321213,11
1656806,2272,518,41756233121231,11
1658834,2275,359,41762532221333,11
1659014,2275,539,41762533123331,11
1660820,2278,158,41765231233232,11
1661748,2279,357,41765322221312,11
1661817,2279,426,41765322313211,11
1661916,2279,525,41765323122212,11
1664610,2283,303,42136752131312,11
1665089,2284,53,42137561123333,11
1666289,2285,524,42137653122131,11
1666315,2285,550,42137653132121,11
1670767,2291,628,42157633231322,11
1671627,2293,30,42163751121212,11
1672939,2294,613,42165373223123,11
1674818,2297,305,42167532131333,11
1680111,2304,495,42315673112111,11
1684083,2310,93,42351671212211,11
1685342,2311,623,42351763231133,11
1691767,2320,487,42367153111121,11
1691848,2320,568,42367153211123,11
1698966,2330,396,42516372233111,11
1707283,2341,694,42561733323122,11
1712876,2349,455,42573612323231,11
1713110,2349,689,42573613322231,11
1715034,2352,426,42613572313211,11
1716254,2354,188,42615371313332,11
1716414,2354,348,42615372213311,11
1716420,2354,354,42615372221213,11
1716492,2354,426,42615372313211,11
1723704,2364,348,42651372213311,11
1724734,2365,649,42651733311122,11
1730306,2373,389,42673512232133,11
1742018,2389,437,42751632321233,11
1742036,2389,455,42751632323231,11
1751379,2402,321,43126572133313,11
1761411,2416,147,43167251232212,11
1765928,2422,290,43176252123131,11
1766045,2422,407,43176252311132,11
1769104,2426,550,43216573132121,11
1769107,2426,553,43216573132223,11
1769136,2426,582,43216573212311,11
1769138,2426,584,43216573212332,11
1784780,2448,188,43512671313332,11
1793032,2459,421,43527612312323,11
1793340,2460,0,43561271111111,11
1797997,2466,283,43571262122222,11
1799172,2468,0,43572161111111,11
1800322,2469,421,43572612312323,11
1801408,2471,49,43576211123222,11
1801616,2471,257,43576212112232,11
1803786,2474,240,43615271333312,11
1803814,2474,268,43615272113321,11
1805863,2477,130,43617521223221,11
1807540,2479,349,43621752213323,11
1812017,2485,452,43651722323132,11
1818487,2494,361,43675122222122,11
1818971,2495,116,43675211221331,11
1825314,2503,627,43721653231313,11
1829598,2509,537,43751623123313,11
1836712,2519,361,43765212222122,11
1850162,2537,689,45167323322231,11
1853178,2542,60,45176231131313,11
1853190,2542,72,45176231133113,11
1853334,2542,216,45176231331113,11
1853658,2542,540,45176233131113,11
1853903,2543,56,45176321131133,11
1854928,2544,352,45213672221123,11
1869517,2564,361,45273162222122,11
1870670,2566,56,45276131131133,11
1872195,2568,123,45312671222312,11
1872449,2568,377,45312672223331,11
1872475,2568,403,45312672233321,11
1872498,2568,426,45312672313211,11
1872627,2568,555,45312673132313,11
1872675,2568,603,45312673222112,11
1872699,2568,627,45312673231313,11
1872822,2569,21,45312761113211,11
1872879,2569,78,45312761133311,11
1873152,2569,351,45312762221111,11
1873206,2569,405,45312762311111,11
1876539,2574,93,45321671212211,11
1876555,2574,109,45321671221121,11
1876956,2574,510,45321673113311,11
1880458,2579,367,45327612222323,11
1883290,2583,283,45362712122222,11
1884107,2584,371,45367122223133,11
1884467,2585,2,45367211111132,11
1884547,2585,82,45367211211122,11
1884953,2585,488,45367213111133,11
1888166,2590,56,45376121131133,11
1888332,2590,222,45376121331311,11
1889074,2591,235,45376211333123,11
1889386,2591,547,45376213131323,11
1889566,2591,727,45376213333322,11
1889644,2592,76,45612371133221,11
1890028,2592,460,45612372331121,11
1890068,2592,500,45612373112231,11
1890118,2592,550,45612373132121,11
1890121,2592,553,45612373132223,11
1890252,2592,684,45612373322111,11
1890280,2592,712,45612373332122,11
1890283,2592,715,45612373332221,11
1891246,2594,220,45613271331221,11
1891422,2594,396,45613272233111,11
1894481,2598,539,45621373123331,11
1894509,2598,567,45621373211111,11
1895005,2599,334,45621732212123,11
1895075,2599,404,45621732233333,11
1896598,2601,469,45623712332123,11
1896820,2601,691,45623713322321,11
1901782,2608,550,45637123132121,11
1901944,2608,712,45637123332122,11
1902758,2610,68,45671231132231,11
1903187,2610,497,45671233112132,11
1906670,2615,335,45673212212132,11
1906906,2615,571,45673213211222,11
1909865,2619,614,45713623223132,11
1912119,2622,681,45721363321313,11
1912127,2622,689,45721363322231,11
1918402,2631,403,45732612233321,11
1918767,2632,39,45736121122211,11
1924560,2640,0,46123571111111,11
1925191,2640,631,46123573232123,11
1926982,2643,235,46125731333123,11
1927536,2644,60,46127351131313,11
1927781,2644,305,46127352131333,11
1928023,2644,547,46127353131323,11
1930713,2648,321,46135272133313,11
1935308,2654,542,46153273131131,11
1936949,2656,725,46157233333232,11
1937174,2657,221,46157321331233,11
1943788,2666,274,46215372121223,11
1943940,2666,426,46215372313211,11
1954046,2680,326,46257132211133,11
1955109,2681,660,46257313312211,11
1957650,2685,285,46273512122312,11
1957962,2685,597,46273513221212,11
1958872,2687,49,46275311123222,11
1959080,2687,257,46275312112232,11
1959132,2687,309,46275312132212,11
1959212,2687,389,46275312232133,11
1959249,2687,426,46275312313211,11
1959340,2687,517,46275313121222,11
1959483,2687,660,46275313312211,11
1964900,2695,245,46321752111131,11
1969844,2702,86,46352171211233,11
1970024,2702,266,46352172113231,11
1974977,2709,116,46372511221331,11
1976408,2711,89,46375211211332,11
1976580,2711,261,46375212113111,11
1976627,2711,308,46375212132131,11
1976629,2711,310,46375212132221,11
1976791,2711,472,46375212332222,11
1976814,2711,495,46375213112111,11
1976851,2711,532,46375213123121,11
1977040,2711,721,46375213333121,11
1977268,2712,220,46512371331221,11
1977316,2712,268,46512372113321,11
1978974,2714,468,46513272332111,11
1979014,2714,508,46513273113221,11
1983833,2721,224,46523711331332,11
1984825,2722,487,46527133111121,11
1992484,2733,127,46572311223122,11
1992664,2733,307,46572312132122,11
2000184,2743,537,46721533123313,11
2012429,2760,389,47123562232133,11
2012927,2761,158,47123651233232,11
2015114,2764,158,47126351233232,11
2016002,2765,317,47126532133133,11
2016819,2766,405,47132562311111,11
2017025,2766,611,47132563222331,11
2017546,2767,403,47132652233321,11
2018915,2769,314,47135622132332,11
2019645,2770,315,47136252133112,11
2020946,2772,158,47152361233232,11
2021717,2773,200,47152631322131,11
2023935,2776,231,47156231332313,11
2024273,2776,569,47156233211132,11
2024322,2776,618,47156233223312,11
2024343,2776,639,47156233233113,11
2024394,2776,690,47156233322312,11
2024433,2777,0,47156321111111,11
2024511,2777,78,47156321133311,11
2024745,2777,312,47156322132311,11
2024861,2777,428,47156322313232,11
2024903,2777,470,47156322332132,11
2024907,2777,474,47156322332312,11
2025046,2777,613,47156323223123,11
2025361,2778,199,47162351322122,11
2027650,2781,301,47163522131222,11
2028951,2783,144,47165321232113,11
2029007,2783,200,47165321322131,11
2029116,2783,309,47165322132212,11
2029122,2783,315,47165322133112,11
2029196,2783,389,47165322232133,11
2029233,2783,426,47165322313211,11
2032757,2788,305,47216352131333,11
2038824,2796,540,47251363131113,11
2039316,2797,303,47251632131312,11
2041782,2800,582,47256133212311,11
2041880,2800,680,47256133321232,11
2046586,2807,283,47265312122222,11
2046606,2807,303,47265312131312,11
2046729,2807,426,47265312313211,11
2052299,2815,164,47321651311133,11
2058257,2823,290,47352612123131,11
2058374,2823,407,47352612311132,11
2058393,2823,426,47352612313211,11
2065678,2833,421,47512632312323,11
2087522,2863,395,47621532232331,11
2087749,2863,622,47621533231121,11
2092633,2870,403,47632152233321,11
2092812,2870,582,47632153212311,11
2092867,2870,637,47632153232321,11
2093543,2871,584,47632513212332,11
2096989,2876,385,47652132231323,11
2099363,2879,572,47653213211231,11
2099421,2879,630,47653213232111,11
2110480,2895,25,51264731113322,11
2110803,2895,348,51264732213311,11
2111603,2896,419,51267342312233,11
2117098,2904,82,51324671211122,11
2117349,2904,333,51324672212111,11
2117526,2904,510,51324673113311,11
2117746,2905,1,51324761111123,11
2118257,2905,512,51324763113332,11
2121723,2910,333,51342672212111,11
2122780,2911,661,51342763312223,11
2128761,2920,81,51367241211113,11
2134628,2928,116,51423671221331,11
2136699,2931,0,51426731111111,11
2137359,2931,660,51426733312211,11
2147694,2946,60,51472361131313,11
2149071,2947,708,51472633331312,11
2152197,2952,189,51623471321111,11
2153410,2953,673,51623743313321,11
2154367,2955,172,51624731312123,11
2154888,2955,693,51624733323113,11
2157323,2959,212,51632741323232,11
2160798,2964,42,51642371122313,11
2161510,2965,25,51642731113322,11
2163695,2968,23,51647231113232,11
2170779,2977,546,51723643131311,11
2171245,2978,283,51724362122222,11
2171478,2978,516,51724363121213,11
2173686,2981,537,51726433123313,11
2175123,2983,516,51732643121213,11
2179436,2989,455,51742632323231,11
2179439,2989,458,51742632323333,11
2187873,3001,144,52134761232113,11
2195052,3011,33,52147631121311,11
2195076,3011,57,52147631131211,11
2195102,3011,83,52147631211131,11
2195182,3011,163,52147631311121,11
2195262,3011,243,52147632111113,11
2195505,3011,486,52147633111112,11
2195758,3012,10,52163471112122,11
2195847,3012,99,52163471213111,11
2195919,3012,171,52163471312111,11
2195983,3012,235,52163471333123,11
2195997,3012,249,52163472111311,11
2196049,3012,301,52163472131222,11
2196237,3012,489,52163473111211,11
2196242,3012,494,52163473111331,11
2196349,3012,601,52163473221323,11
2196449,3012,701,52163473323332,11
2198939,3016,275,52167342121232,11
2199669,3017,276,52167432121313,11
2199676,3017,283,52167432122222,11
2199693,3017,300,52167432131213,11
2199959,3017,566,52167433133333,11
2200103,3017,710,52167433331333,11
2202922,3021,613,52174633223123,11
2205150,3024,654,52314673311311,11
2205424,3025,199,52314761322122,11
2208870,3030,0,52341671111111,11
2208909,3030,39,52341671122211,11
2209038,3030,168,52341671311313,11
2209194,3030,324,52341672211112,11
2209263,3030,393,52341672232313,11
2209324,3030,454,52341672323222,11
2209326,3030,456,52341672323312,11
2209428,3030,558,52341673133111,11
2209503,3030,633,52341673232213,11
2209508,3030,638,52341673232333,11
2209566,3030,696,52341673323212,11
2213520,3036,276,52361472121313,11
2213547,3036,303,52361472131312,11
2216485,3040,325,52367142211121,11
2217335,3041,446,52367412322232,11
2219092,3044,16,52374161112323,11
2221870,3047,607,52376413222223,11
2232782,3062,584,52463173212332,11
2233511,3063,584,52463713212332,11
2235969,3067,126,52471631223113,11
2236050,3067,207,52471631323112,11
2241372,3074,426,52614372313211,11
2249547,3085,582,52641733212311,11
2249602,3085,637,52641733232321,11
2255428,3093,631,52673413232123,11
2257135,3096,151,52713461232323,11
2258586,3098,144,52714361232113,11
2259760,3099,589,52714633213223,11
2259784,3099,613,52714633223123,11
2262240,3103,153,52731641233112,11
2262294,3103,207,52731641323112,11
2264477,3106,203,52736141322233,11
2266158,3108,426,52741362313211,11
2266159,3108,427,52741362313223,11
2266748,3109,287,52741632122333,11
2266756,3109,295,52741632123323,11
2266797,3109,336,52741632212213,11
2266799,3109,338,52741632212231,11
2266851,3109,390,52741632232211,11
2267060,3109,599,52741633221233,11
2267133,3109,672,52741633313312,11
2267134,3109,673,52741633313321,11
2267140,3109,679,52741633321223,11
2267160,3109,699,52741633323311,11
2267922,3111,3,52743611111213,11
2267925,3111,6,52743611111312,11
2267930,3111,11,52743611112131,11
2267938,3111,19,52743611113121,11
2268216,3111,297,52743612131111,11
2268432,3111,513,52743613121111,11
2270838,3115,3,52761431111213,11
2270841,3115,6,52761431111312,11
2270846,3115,11,52761431112131,11
2270854,3115,19,52761431113121,11
2271132,3115,297,52761432131111,11
2271348,3115,513,52761433121111,11
2272175,3116,611,52763143222331,11
2272416,3117,123,52763411222312,11
2272528,3117,235,52763411333123,11
2272896,3117,603,52763413222112,11
2272911,3117,618,52763413223312,11
2272983,3117,690,52763413322312,11
2276078,3122,140,53126471231231,11
2276080,3122,142,53126471231321,11
2276134,3122,196,53126471321321,11
2280605,3128,293,53146272123233,11
2282060,3130,290,53147262123131,11
2284618,3133,661,53162743312223,11
2307127,3164,571,53274163211222,11
2314035,3174,189,53421671321111,11
2314040,3174,194,53421671321231,11
2315318,3176,14,53426171112233,11
2320432,3183,25,53462711113322,11
2322054,3185,189,53467211321111,11
2325717,3190,207,53476121323112,11
2325724,3190,214,53476121323322,11
2329246,3195,91,53614721212121,11
2331562,3198,220,53621471331221,11
2337174,3206,0,53642171111111,11
2341902,3212,354,53672142221213,11
2347047,3219,396,53714622233111,11
2349456,3222,618,53721463223312,11
2351295,3225,270,53724612121112,11
2352475,3226,721,53726143333121,11
2354148,3229,207,53741621323112,11
2354166,3229,225,53741621332112,11
2355857,3231,458,53742612323333,11
2357859,3234,273,53761242121211,11
2357940,3234,354,53761242221213,11
2358021,3234,435,53761242321212,11
2359655,3236,611,53762143222331,11
2360458,3237,685,53762413322123,11
2362606,3240,646,54123673233323,11
2363638,3242,220,54126371331221,11
2365905,3245,300,54127632131213,11
2365968,3245,363,54127632222212,11
2366148,3245,543,54127633131212,11
2366171,3245,566,54127633133333,11
2366331,3245,726,54127633333313,11
2372242,3254,76,54163271133221,11
2372562,3254,396,54163272233111,11
2373651,3256,27,54167231121113,11
2373678,3256,54,54167231131112,11
2373735,3256,111,54167231221211,11
2373861,3256,237,54167231333213,11
2373876,3256,252,54167232112112,11
2373945,3256,321,54167232133313,11
2374101,3256,477,54167232333113,11
2374262,3256,638,54167233232333,11
2374329,3256,705,54167233331213,11
2376366,3259,555,54172633132313,11
2382771,3268,399,54217362233213,11
2383410,3269,309,54217632132212,11
2383875,3270,45,54231671123111,11
2384362,3270,532,54231673123121,11
2388736,3276,532,54261373123121,11
2389316,3277,383,54261732231233,11
2395896,3286,402,54276132233312,11
2397014,3288,62,54312671131331,11
2397285,3288,333,54312672212111,11
2397606,3288,654,54312673311311,11
2399886,3292,18,54317261113112,11
2400601,3293,4,54317621111222,11
2401662,3294,336,54321672212213,11
2401664,3294,338,54321672212231,11
2401716,3294,390,54321672232211,11
2401998,3294,672,54321673313312,11
2401999,3294,673,54321673313321,11
2402025,3294,699,54321673323311,11
2402140,3295,85,54321761211221,11
2402559,3295,504,54321763113113,11
2402789,3296,5,54326171111231,11
2402798,3296,14,54326171112233,11
2402978,3296,194,54326171321231,11
2403525,3297,12,54326711112212,11
2405345,3299,374,54327612223232,11
2406074,3300,374,54361272223232,11
2407178,3302,20,54362171113133,11
2407892,3303,5,54362711111231,11
2408094,3303,207,54362711323112,11
2408628,3304,12,54367121112212,11
2408637,3304,21,54367121113211,11
2408642,3304,26,54367121113331,11
2408941,3304,325,54367122211121,11
2409021,3304,405,54367122311111,11
2409264,3304,648,54367123311113,11
2409412,3305,67,54367211132222,11
2409452,3305,107,54367211213333,11
2409464,3305,119,54367211222132,11
2409582,3305,237,54367211333213,11
2409676,3305,331,54367212211322,11
2409724,3305,379,54367212231122,11
2409744,3305,399,54367212233213,11
2409816,3305,471,54367212332213,11
2409822,3305,477,54367212333113,11
2409844,3305,499,54367213112222,11
2410004,3305,659,54367213312133,11
2410100,3306,26,54371261113331,11
2410821,3307,18,54371621113112,11
2410828,3307,25,54371621113322,11
2413193,3310,203,54376121322233,11
2413721,3311,2,54376211111132,11
2413723,3311,4,54376211111222,11
2413739,3311,20,54376211113133,11
2414463,3312,15,54612371112311,11
2414810,3312,362,54612372222131,11
2415433,3313,256,54612732112223,11
2415864,3313,687,54612733322213,11
2418900,3318,78,54621371133311,11
2419147,3318,325,54621372211121,11
2426904,3329,63,54637211132111,11
2427924,3330,354,54671232221213,11
2432157,3336,213,54712361323313,11
2432320,3336,376,54712362223322,11
2435220,3340,360,54716232222113,11
2435605,3341,16,54716321112323,11
2436016,3341,427,54716322313223,11
2437047,3343,0,54721631111111,11
2437084,3343,37,54721631122121,11
2437211,3343,164,54721631311133,11
2437367,3343,320,54721632133232,11
2437384,3343,337,54721632212222,11
2437385,3343,338,54721632212231,11
2437675,3343,628,54721633231322,11
2437720,3343,673,54721633313321,11
2437775,3343,728,54721633333331,11
2438808,3345,303,54723612131312,11
2438860,3345,355,54723612221222,11
2438868,3345,363,54723612222212,11
2439024,3345,519,54723613121312,11
2439231,3345,726,54723613333313,11
2445757,3354,691,54761233322321,11
2449157,3359,446,54763212322232,11
2449563,3360,123,56123471222312,11
2449570,3360,130,56123471223221,11
2449664,3360,224,56123471331332,11
2449675,3360,235,56123471333123,11
2449882,3360,442,56123472322121,11
2449907,3360,467,56123472331331,11
2450000,3360,560,56123473133132,11
2450003,3360,563,56123473133231,11
2450043,3360,603,56123473222112,11
2450058,3360,618,56123473223312,11
2450130,3360,690,56123473322312,11
2450903,3362,5,56124371111231,11
2451049,3362,151,56124371232323,11
2453803,3365,718,56127433332323,11
2454299,3366,485,56132472333332,11
2454381,3366,567,56132473211111,11
2454402,3366,588,56132473213211,11
2460364,3374,718,56143273332323,11
2461223,3376,119,56147231222132,11
2461341,3376,237,56147231333213,11
2461503,3376,399,56147232233213,11
2461575,3376,471,56147232332213,11
2461581,3376,477,56147232333113,11
2462315,3377,482,56147322333233,11
2464767,3381,18,56173421113112,11
2465936,3382,458,56174232323333,11
2466351,3383,144,56174321232113,11
2466936,3384,0,56213471111111,11
2468339,3385,674,56213743313333,11
2477700,3398,558,56243173133111,11
2478392,3399,521,56243713121333,11
2479082,3400,482,56247132333233,11
2481279,3403,492,56271433111313,11
2481324,3403,537,56271433123313,11
2481342,3403,555,56271433132313,11
2483435,3406,461,56274132331133,11
2484129,3407,426,56274312313211,11
2489452,3414,646,56321473233323,11
2489859,3415,324,56321742211112,11
2490380,3416,116,56324171221331,11
2492540,3419,89,56327411211332,11
2493036,3419,585,56327413213112,11
2493696,3420,516,56341273121213,11
2493723,3420,543,56341273131212,11
2496578,3424,482,56347122333233,11
2496924,3425,99,56347211213111,11
2496944,3425,119,56347211222132,11
2496996,3425,171,56347211312111,11
2497043,3425,218,56347211331131,11
2497072,3425,247,56347212111221,11
2497074,3425,249,56347212111311,11
2497118,3425,293,56347212123233,11
2497216,3425,391,56347212232223,11
2497314,3425,489,56347213111211,11
2497373,3425,548,56347213131332,11
2507900,3440,140,56423171231231,11
2507902,3440,142,56423171231321,11
2507956,3440,196,56423171321321,11
2508013,3440,253,56423172112121,11
2508310,3440,550,56423173132121,11
2508318,3440,558,56423173133111,11
2513386,3447,523,56432713122122,11
2519568,3456,144,56712341232113,11
2519992,3456,568,56712343211123,11
2524337,3462,539,56721343123331,11
2524946,3463,419,56721432312233,11
2526009,3465,24,56723411113313,11
2526012,3465,27,56723411121113,11
2526039,3465,54,56723411131112,11
2526108,3465,123,56723411222312,11
2526270,3465,285,56723412122312,11
2526439,3465,454,56723412323222,11
2526582,3465,597,56723413221212,11
2526588,3465,603,56723413222112,11
2526687,3465,702,56723413331111,11
2530152,3470,522,56732143122113,11
2532579,3474,33,56741231121311,11
2532603,3474,57,56741231131211,11
2532629,3474,83,56741231211131,11
2532709,3474,163,56741231311121,11
2532789,3474,243,56741232111113,11
2533032,3474,486,56741233111112,11
2536474,3479,283,56743212122222,11
2536546,3479,355,56743212221222,11
2536707,3479,516,56743213121213,11
2536710,3479,519,56743213121312,11
2536901,3479,710,56743213331333,11
2536920,3480,0,57123461111111,11
2553990,3503,303,57164322131312,11
2556086,3506,212,57214361323232,11
2556939,3507,336,57214632212213,11
2561729,3514,23,57236141113232,11
2561909,3514,203,57236141322233,11
2561918,3514,212,57236141323232,11
2564091,3517,198,57241631322113,11
2564100,3517,207,57241631323112,11
2566094,3520,14,57246131112233,11
2570704,3526,250,57264132111323,11
2577177,3535,162,57321641311112,11
2577422,3535,407,57321642311132,11
2589027,3551,348,57364212213311,11
2589105,3551,426,57364212313211,11
2589391,3551,712,57364213332122,11
2622238,3597,25,57642311113322,11
2624785,3600,385,61234572231323,11
2625033,3600,633,61234573232213,11
2626769,3603,182,61235741313131,11
2636695,3616,631,61257343232123,11
2639162,3620,182,61274351313131,11
2640094,3621,385,61274532231323,11
2651047,3636,403,61352472233321,11
2651070,3636,426,61352472313211,11
2669037,3661,168,61452731311313,11
2670327,3663,0,61453721111111,11
2670489,3663,162,61453721311112,11
2670814,3663,487,61453723111121,11
2673539,3667,296,61472532123332,11
2673738,3667,495,61472533112111,11
2680533,3677,0,61527431111111,11
2683127,3680,407,61534272311132,11
2683464,3681,15,61534721112311,11
2683470,3681,21,61534721113211,11
2687094,3686,0,61543271111111,11
2687109,3686,15,61543271112311,11
2691160,3691,421,61572432312323,11
2701556,3705,611,61734523222331,11
2712319,3720,439,62134572321323,11
2713375,3722,37,62135471122121,11
2713646,3722,308,62135472132131,11
2713862,3722,524,62135473122131,11
2713870,3722,532,62135473123121,11
2713880,3722,542,62135473131131,11
2713888,3722,550,62135473132121,11
2713973,3722,635,62135473232231,11
2714029,3722,691,62135473322321,11
2714678,3723,611,62135743222331,11
2714728,3723,661,62135743312223,11
2719702,3730,532,62147353123121,11
2719720,3730,550,62147353132121,11
2723491,3735,676,62154733321121,11
2723853,3736,309,62157342132212,11
2726363,3739,632,62173543232132,11
2726498,3740,38,62174351122133,11
2727840,3741,651,62174533311212,11
2732787,3748,495,62317453112111,11
2732952,3748,660,62317453312211,11
2739349,3757,496,62351743112123,11
2743152,3762,654,62371453311311,11
2744889,3765,204,62374511322311,11
2745187,3765,502,62374513112321,11
2745342,3765,657,62374513312112,11
2753030,3776,326,62435172211133,11
2753111,3776,407,62435172311132,11
2753554,3777,121,62435711222222,11
2758456,3783,649,62453713311122,11
2761112,3787,389,62471532232133,11
2763115,3790,205,62475131322323,11
2769179,3798,437,62531472321233,11
2775384,3807,81,62543711211113,11
2775465,3807,162,62543711311112,11
2778656,3811,437,62571432321233,11
2789769,3826,615,62735143223213,11
2801563,3843,16,63125741112323,11
2802092,3843,545,63125743131233,11
2802111,3843,564,63125743133312,11
2803734,3846,0,63142571111111,11
2803804,3846,70,63142571132321,11
2804230,3846,496,63142573112123,11
2812903,3858,421,63172452312323,11
2812908,3858,426,63172452313211,11
2815139,3861,470,63174522332132,11
2824922,3875,47,63247511123132,11
2826896,3877,563,63251743133231,11
2845455,3903,168,63452711311313,11
2845768,3903,481,63452712333221,11
2848493,3907,290,63471522123131,11
2848655,3907,452,63471522323132,11
2848673,3907,470,63471522332132,11
2849957,3909,296,63472512123332,11
2853251,3913,674,63512743313333,11
2860689,3924,93,63541271212211,11
2863304,3927,521,63542713121333,11
2868905,3935,290,63574212123131,11
2869041,3935,426,63574212313211,11
2870424,3937,351,63712542221111,11
2871092,3938,290,63714252123131,11
2871547,3939,16,63714521112323,11
2872001,3939,470,63714522332132,11
2874607,3943,160,63721541233322,11
2875692,3944,516,63724153121213,11
2876650,3946,16,63725141112323,11
2876788,3946,154,63725141233121,11
2876924,3946,290,63725142123131,11
2877005,3946,371,63725142223133,11
2877156,3946,522,63725143122113,11
2877171,3946,537,63725143123313,11
2878459,3948,367,63741252222323,11
2879111,3949,290,63741522123131,11
2880427,3951,148,63742511232221,11
2881533,3952,525,63745123122212,11
2882824,3954,358,63751242221321,11
2883723,3955,528,63751423122311,11
2883924,3956,0,63752141111111,11
2883963,3956,39,63752141122211,11
2883972,3956,48,63752141123213,11
2884394,3956,470,63752142332132,11
2884459,3956,535,63752143123223,11
2884507,3956,583,63752143212323,11
2884537,3956,613,63752143223123,11
2884782,3957,129,63752411223212,11
2884890,3957,237,63752411333213,11
2885074,3957,421,63752412312323,11
2885094,3957,441,63752412322112,11
2885130,3957,477,63752412333113,11
2886634,3959,523,63754213122122,11
2888358,3962,60,64125371131313,11
2899308,3977,75,64157321133212,11
2909117,3990,407,64231572311132,11
2916022,4000,22,64257131113223,11
2918784,4003,597,64271533221212,11
2920468,4006,94,64275131212223,11
2920546,4006,172,64275131312123,11
2920700,4006,326,64275132211133,11
2920763,4006,389,64275132232133,11
2920995,4006,621,64275133231112,11
2921034,4006,660,64275133312211,11
2921120,4007,17,64275311112332,11
2921224,4007,121,64275311222222,11
2921763,4007,660,64275313312211,11
2926451,4014,245,64321572111131,11
2926514,4014,308,64321572132131,11
2926613,4014,407,64321572311132,11
2928910,4017,517,64325713121222,11
2930888,4020,308,64351272132131,11
2934651,4025,426,64357212313211,11
2934853,4025,628,64357213231322,11
2934885,4025,660,64357213312211,11
2948169,4044,93,64531271212211,11
2948384,4044,308,64531272132131,11
2948600,4044,524,64531273122131,11
2948608,4044,532,64531273123121,11
2948730,4044,654,64531273311311,11
2948736,4044,660,64531273312211,11
2953948,4052,40,64572131122223,11
2958777,4058,495,64713253112111,11
2974335,4080,15,65123471112311,11
2974478,4080,158,65123471233232,11
2974740,4080,420,65123472312311,11
2978784,4086,90,65132471212112,11
2978811,4086,117,65132471222111,11
2978836,4086,142,65132471231321,11
2978902,4086,208,65132471323121,11
2978996,4086,302,65132472131231,11
2979032,4086,338,65132472212231,11
2979097,4086,403,65132472233321,11
2979188,4086,494,65132473111331,11
2979366,4086,672,65132473313312,11
2979393,4086,699,65132473323311,11
2979556,4087,133,65132741223323,11
2980034,4087,611,65132743222331,11
2981039,4089,158,65134721233232,11
2986857,4097,144,65147321232113,11
2988242,4099,71,65172431132333,11
2990648,4102,290,65174232123131,11
2990679,4102,321,65174232133313,11
2990814,4102,456,65174232323312,11
2991054,4102,696,65174233323212,11
2991063,4102,705,65174233331213,11
2991513,4103,426,65174322313211,11
2991700,4103,613,65174323223123,11
2992545,4105,0,65213741111111,11
3000564,4116,0,65241371111111,11
3003028,4119,277,65243712121322,11
3005171,4122,233,65271341332331,11
3006050,4123,383,65271432231233,11
3007854,4126,0,65274131111111,11
3008022,4126,168,65274131311313,11
3008028,4126,174,65274131312213,11
3008150,4126,296,65274132123332,11
3008407,4126,553,65274133132223,11
3008491,4126,637,65274133232321,11
3008515,4126,661,65274133312223,11
3011177,4130,407,65314272311132,11
3011196,4130,426,65314272313211,11
3013930,4134,244,65321472111122,11
3030597,4157,144,65417321232113,11
3031066,4157,613,65417323223123,11
3031084,4157,631,65417323232123,11
3034051,4161,682,65423713321322,11
3037651,4166,637,65432173232321,11
3039996,4170,66,65471231132213,11
3048562,4181,613,65714323223123,11
3050817,4184,681,65723143321313,11
3055474,4191,235,65732411333123,11
3059709,4197,96,65742311212313,11
3066981,4207,78,67132541133311,11
3074757,4217,564,67145323133312,11
3078539,4222,701,67154233323332,11
3082934,4228,722,67215343333133,11
3084606,4231,207,67231541323112,11
3085093,4231,694,67231543323122,11
3086569,4233,712,67234513332122,11
3091147,4240,187,67245131313323,11
3091704,4241,15,67245311112311,11
3091766,4241,77,67245311133233,11
3096119,4247,56,67254311131133,11
3096711,4247,648,67254313311113,11
3097195,4248,403,67312452233321,11
3097552,4249,31,67312541121221,11
3097872,4249,351,67312542221111,11
3101167,4254,1,67321451111123,11
3101181,4254,15,67321451112311,11
3101259,4254,93,67321451212211,11
3101330,4254,164,67321451311133,11
3101410,4254,244,67321452111122,11
3101676,4254,510,67321453113311,11
3102284,4255,389,67321542232133,11
3105907,4260,367,67341252222323,11
3108087,4263,360,67342512222113,11
3108827,4264,371,67345122223133,11
3108845,4264,389,67345122232133,11
3109186,4265,1,67345211111123,11
3109187,4265,2,67345211111132,11
3109199,4265,14,67345211112233,11
3109210,4265,25,67345211113322,11
3109267,4265,82,67345211211122,11
3109349,4265,164,67345211311133,11
3109429,4265,244,67345212111122,11
3109673,4265,488,67345213111133,11
3112830,4270,0,67354121111111,11
3113650,4271,91,67354211212121,11
3113739,4271,180,67354211313113,11
3113793,4271,234,67354211333111,11
3113806,4271,247,67354212111221,11
3113896,4271,337,67354212212222,11
3113966,4271,407,67354212311132,11
3114051,4271,492,67354213111313,11
3114105,4271,546,67354213131311,11
3114128,4271,569,67354213211132,11
3114233,4271,674,67354213313333,11
3114838,4272,550,67412353132121,11
3115003,4272,715,67412353332221,11
3115073,4273,56,67412531131133,11
3126177,4288,225,67435121332112,11
3126484,4288,532,67435123123121,11
3130277,4293,680,67452313321232,11
3149908,4320,628,71234563231322,11
3163369,4339,238,71263541333222,11
3163582,4339,451,71263542323123,11
3165136,4341,547,71264533131323,11
3165190,4341,601,71264533221323,11
3165214,4341,625,71264533231223,11
3165216,4341,627,71264533231313,11
3169779,4348,87,71326451211311,11
3170242,4348,550,71326453132121,11
3171147,4349,726,71326543333313,11
3172916,4352,308,71345262132131,11
3180408,4362,510,71362453113311,11
3184251,4367,708,71365423331312,11
3184862,4368,590,71423563213232,11
3185591,4369,590,71423653213232,11
3187848,4372,660,71426353312211,11
3188641,4373,724,71426533333223,11
3188797,4374,151,71432561232323,11
3188858,4374,212,71432561323232,11
3188893,4374,247,71432562111221,11
3189279,4374,633,71432563232213,11
3189339,4374,693,71432563323113,11
3189340,4374,694,71432563323122,11
3189357,4374,711,71432563332113,11
3190307,4376,203,71435261322233,11
3190465,4376,361,71435262222122,11
3190672,4376,568,71435263211123,11
3190753,4376,649,71435263311122,11
3190826,4376,722,71435263333133,11
3190828,4376,724,71435263333223,11
3191561,4377,728,71435623333331,11
3192282,4378,720,71436253333112,11
3193610,4380,590,71452363213232,11
3194111,4381,362,71452632222131,11
3194842,4382,364,71453262222221,11
3195856,4383,649,71453623311122,11
3196870,4385,205,71456321322323,11
3196912,4385,247,71456322111221,11
3198148,4387,25,71462531113322,11
3198369,4387,246,71462532111212,11
3198393,4387,270,71462532121112,11
3198613,4387,490,71462533111223,11
3198717,4387,594,71462533221113,11
3200287,4389,706,71463523331222,11
3202314,4392,546,71523463131311,11
3202395,4392,627,71523463231313,11
3202476,4392,708,71523463331312,11
3206744,4398,602,71532463221332,11
3207883,4400,283,71534262122222,11
3211801,4405,556,71542633132322,11
3212948,4407,245,71543622111131,11
3213190,4407,487,71543623111121,11
3214137,4408,705,71546233331213,11
3214542,4409,381,71546322231212,11
3216155,4411,536,71562433123232,11
3216946,4412,598,71563243221221,11
3223496,4421,587,71625433213133,11
3229851,4430,381,71643252231212,11
3230904,4431,705,71643523331213,11
3237177,4440,417,72134562312212,11
3240608,4445,203,72136541322233,11
3241745,4446,611,72143563222331,11
3241890,4447,27,72143651121113,11
3241917,4447,54,72143651131112,11
3241962,4447,99,72143651213111,11
3242034,4447,171,72143651312111,11
3242112,4447,249,72143652111311,11
3242352,4447,489,72143653111211,11
3243478,4449,157,72145631233223,11
3243956,4449,635,72145633232231,11
3243982,4449,661,72145633312223,11
3244441,4450,391,72146352232223,11
3250165,4458,283,72163452122222,11
3250398,4458,516,72163453121213,11
3250425,4458,543,72163453131212,11
3250448,4458,566,72163453133333,11
3250592,4458,710,72163453331333,11
3251880,4460,540,72164353131113,11
3253553,4463,26,72165431113331,11
3253770,4463,243,72165432111113,11
3253771,4463,244,72165432111122,11
3253851,4463,324,72165432211112,11
3253983,4463,456,72165432323312,11
3254013,4463,486,72165433111112,11
3254048,4463,521,72165433121333,11
3254126,4463,599,72165433221233,11
3254173,4463,646,72165433233323,11
3254206,4463,679,72165433321223,11
3254232,4463,705,72165433331213,11
3260817,4473,0,72345611111111,11
3260889,4473,72,72345611133113,11
3260929,4473,112,72345611221223,11
3260938,4473,121,72345611222222,11
3261041,4473,224,72345611331332,11
3261096,4473,279,72345612122111,11
3261284,4473,467,72345612331331,11
3261415,4473,598,72345613221221,11
3261545,4473,728,72345613333331,11
3265936,4480,16,72356141112323,11
3266064,4480,144,72356141232113,11
3266488,4480,568,72356143211123,11
3268016,4482,638,72361453232333,11
3268589,4483,482,72361542333233,11
3271386,4487,363,72365412222212,11
3271542,4487,519,72365413121312,11
3271566,4487,543,72365413131212,11
3271733,4487,710,72365413331333,11
3278310,4496,726,72435163333313,11
3290128,4513,151,72513641232323,11
3290137,4513,160,72513641233322,11
3292591,4516,427,72516342313223,11
3294302,4518,680,72531463321232,11
3295648,4520,568,72534163211123,11
3298728,4525,3,72541631111213,11
3298731,4525,6,72541631111312,11
3298736,4525,11,72541631112131,11
3298744,4525,19,72541631113121,11
3299022,4525,297,72541632131111,11
3299238,4525,513,72541633121111,11
3299859,4526,405,72543162311111,11
3300021,4526,567,72543163211111,11
3300295,4527,112,72543611221223,11
3300313,4527,130,72543611223221,11
3300407,4527,224,72543611331332,11
3300416,4527,233,72543611332331,11
3300650,4527,467,72543612331331,11
3300737,4527,554,72543613132232,11
3300745,4527,562,72543613133222,11
3300781,4527,598,72543613221221,11
3300801,4527,618,72543613223312,11
3300873,4527,690,72543613322312,11
3301848,4529,207,72546311323112,11
3302337,4529,696,72546313323212,11
3302797,4530,427,72561342313223,11
3303442,4531,343,72561432213122,11
3303698,4531,599,72561433221233,11
3303752,4531,653,72561433311233,11
3303776,4531,677,72561433321133,11
3303778,4531,679,72561433321223,11
3304560,4533,3,72563411111213,11
3304563,4533,6,72563411111312,11
3304568,4533,11,72563411112131,11
3304576,4533,19,72563411113121,11
3304854,4533,297,72563412131111,11
3305070,4533,513,72563413121111,11
3318261,4551,582,72643513212311,11
3318263,4551,584,72643513212332,11
3326258,4562,560,73125463133132,11
3332525,4571,266,73146522113231,11
3349686,4594,660,73246153312211,11
3371524,4624,628,73456123231322,11
3380337,4636,693,73516243323113,11
3380357,4636,713,73516243332131,11
3385911,4644,435,73541262321212,11
3387611,4646,677,73542163321133,11
3388213,4647,550,73542613132121,11
3388219,4647,556,73542613132322,11
3394177,4655,682,73564213321322,11
3395698,4658,16,73614251112323,11
3397156,4660,16,73615241112323,11
3397165,4660,25,73615241113322,11
3397511,4660,371,73615242223133,11
3397677,4660,537,73615243123313,11
3397731,4660,591,73615243213313,11
3397848,4660,708,73615243331312,11
3397857,4660,717,73615243332311,11
3397894,4661,25,73615421113322,11
3398457,4661,588,73615423213211,11
3398597,4661,728,73615423333331,11
3401300,4665,515,73624513121132,11
3401498,4665,713,73624513332131,11
3401530,4666,16,73625141112323,11
3402030,4666,516,73625143121213,11
3402240,4666,726,73625143333313,11
3402610,4667,367,73625412222323,11
3405159,4671,0,73642511111111,11
3405182,4671,23,73642511113232,11
3405184,4671,25,73642511113322,11
3405775,4671,616,73642513223222,11
3405909,4672,21,73645121113211,11
3406254,4672,366,73645122222311,11
3406743,4673,126,73645211223113,11
3406752,4673,135,73645211231111,11
3406806,4673,189,73645211321111,11
3406842,4673,225,73645211332112,11
3407117,4673,500,73645213112231,11
3407337,4673,720,73645213333112,11
3407371,4674,25,73651241113322,11
3410106,4677,573,73652413211312,11
3410242,4677,709,73652413331321,11
3410506,4678,244,73654122111122,11
3410613,4678,351,73654122221111,11
3410993,4679,2,73654211111132,11
3412417,4680,697,74123563323221,11
3412891,4681,442,74123652322121,11
3413003,4681,554,74123653132232,11
3413009,4681,560,74123653133132,11
3413011,4681,562,74123653133222,11
3413012,4681,563,74123653133231,11
3414093,4683,186,74125631313311,11
3414178,4683,271,74125632121121,11
3414186,4683,279,74125632122111,11
3414204,4683,297,74125632131111,11
3414347,4683,440,74125632321332,11
3414420,4683,513,74125633121111,11
3414452,4683,545,74125633131233,11
3414461,4683,554,74125633132232,11
3414469,4683,562,74125633133222,11
3414471,4683,564,74125633133312,11
3414625,4683,718,74125633332323,11
3415114,4684,478,74126352333122,11
3416288,4686,194,74132561321231,11
3416365,4686,271,74132562121121,11
3416373,4686,279,74132562122111,11
3416638,4686,544,74132563131221,11
3416643,4686,549,74132563132112,11
3420181,4691,442,74136522322121,11
3421022,4692,554,74152363132232,11
3421028,4692,560,74152363133132,11
3421030,4692,562,74152363133222,11
3421031,4692,563,74152363133231,11
3424393,4697,280,74156322122123,11
3424399,4697,286,74156322122321,11
3424540,4697,427,74156322313223,11
3424670,4697,557,74156323132331,11
3424672,4697,559,74156323133123,11
3426328,4700,28,74163251121122,11
3426555,4700,255,74163252112211,11
3426597,4700,297,74163252131111,11
3426813,4700,513,74163253121111,11
3426848,4700,548,74163253131332,11
3426860,4700,560,74163253133132,11
3426861,4700,561,74163253133213,11
3426863,4700,563,74163253133231,11
3427018,4700,718,74163253332323,11
3427788,4702,30,74165231121212,11
3427818,4702,60,74165231131313,11
3427849,4702,91,74165231212121,11
3427940,4702,182,74165231313131,11
3428004,4702,246,74165232111212,11
3428028,4702,270,74165232121112,11
3428031,4702,273,74165232121211,11
3428250,4702,492,74165233111313,11
3428298,4702,540,74165233131113,11
3428304,4702,546,74165233131311,11
3428305,4702,547,74165233131323,11
3428313,4702,555,74165233132313,11
3428385,4702,627,74165233231313,11
3430397,4705,452,74213652323132,11
3439185,4717,492,74251633111313,11
3441802,4721,193,74256311321222,11
3442100,4721,491,74256313111232,11
3446465,4727,482,74265312333233,11
3447926,4729,485,74312652333332,11
3451736,4734,650,74321563311131,11
3452461,4735,646,74321653233323,11
3453091,4736,547,74325163131323,11
3453628,4737,355,74325612221222,11
3453792,4737,519,74325613121312,11
3453816,4737,543,74325613131212,11
3453839,4737,566,74325613133333,11
3460331,4746,497,74361253112132,11
3460406,4746,572,74361253211231,11
3463510,4751,31,74365211121221,11
3463578,4751,99,74365211213111,11
3463650,4751,171,74365211312111,11
3463659,4751,180,74365211313113,11
3463713,4751,234,74365211333111,11
3463728,4751,249,74365212111311,11
3463846,4751,367,74365212222323,11
3463964,4751,485,74365212333332,11
3463968,4751,489,74365213111211,11
3464000,4751,521,74365213121333,11
3464411,4752,203,74512361322233,11
3464635,4752,427,74512362313223,11
3466183,4754,517,74513263121222,11
3469674,4759,363,74521632222212,11
3469827,4759,516,74521633121213,11
3469830,4759,519,74521633121312,11
3469877,4759,566,74521633133333,11
3470037,4759,726,74521633333313,11
3470796,4761,27,74523611121113,11
3470823,4761,54,74523611131112,11
3470868,4761,99,74523611213111,11
3470940,4761,171,74523611312111,11
3471018,4761,249,74523612111311,11
3471258,4761,489,74523613111211,11
3474949,4766,535,74532163123223,11
3477334,4770,4,74561231111222,11
3477573,4770,243,74561232111113,11
3477681,4770,351,74561232221111,11
3477816,4770,486,74561233111112,11
3477875,4770,545,74561233131233,11
3477976,4770,646,74561233233323,11
3477983,4770,653,74561233311233,11
3478007,4770,677,74561233321133,11
3478011,4770,681,74561233321313,11
3481127,4775,152,74563211232332,11
3499033,4799,562,74653213133222,11
3504218,4806,644,75132463233233,11
3510033,4814,627,75143263231313,11
3511808,4817,215,75146321323331,11
3517796,4825,371,75213642223133,11
3521638,4830,568,75231463211123,11
3522731,4832,203,75234161322233,11
3522879,4832,351,75234162221111,11
3524576,4834,590,75236143213232,11
3526540,4837,367,75241632222323,11
3527233,4838,331,75243162211322,11
3527654,4839,23,75243611113232,11
3528221,4839,590,75243613213232,11
3528600,4840,240,75246131333312,11
3529089,4841,0,75246311111111,11
3529671,4841,582,75246313212311,11
3529749,4841,660,75246313312211,11
3529808,4841,719,75246313332332,11
3530840,4843,293,75261432123233,11
3533009,4846,275,75264132121232,11
3533111,4846,377,75264132223331,11
3533169,4846,435,75264132321212,11
3533255,4846,521,75264133121333,11
3533439,4846,705,75264133331213,11
3533590,4847,127,75264311223122,11
3534084,4847,621,75264313231112,11
3534914,4848,722,75312463333133,11
3536455,4851,76,75314621133221,11
3536562,4851,183,75314621313212,11
3536884,4851,505,75314623113122,11
3537248,4852,140,75316241231231,11
3538728,4854,162,75321461311112,11
3539116,4854,550,75321463132121,11
3546173,4864,317,75346122133133,11
3546658,4865,73,75346211133122,11
3546672,4865,87,75346211211311,11
3546750,4865,165,75346211311211,11
3547043,4865,458,75346212323333,11
3547082,4865,497,75346213112132,11
3547135,4865,550,75346213132121,11
3547141,4865,556,75346213132322,11
3547297,4865,712,75346213332122,11
3552551,4873,134,75412631223332,11
3555966,4877,633,75416323232213,11
3560997,4884,561,75431263133213,11
3566559,4892,291,75462132123212,11
3571190,4898,548,75613243131332,11
3571203,4898,561,75613243133213,11
3581542,4912,694,75634123323122,11
3583665,4915,630,75641323232111,11
3584112,4916,348,75642132213311,11
3587326,4920,646,76123453233323,11
3590318,4924,722,76125343333133,11
3597189,4934,303,76143252131312,11
3597241,4934,355,76143252221222,11
3597429,4934,543,76143253131212,11
3597596,4934,710,76143253331333,11
3597612,4934,726,76143253333313,11
3598371,4936,27,76145231121113,11
3598380,4936,36,76145231122112,11
3598398,4936,54,76145231131112,11
3598452,4936,108,76145231221112,11
3598514,4936,170,76145231311331,11
3598640,4936,296,76145232123332,11
3598743,4936,399,76145232233213,11
3598809,4936,465,76145232331313,11
3598815,4936,471,76145232332213,11
3598905,4936,561,76145233133213,11
3598982,4936,638,76145233232333,11
3604167,4943,720,76154323333112,11
3605492,4945,587,76213543213133,11
3605561,4945,656,76213543311332,11
3607232,4948,140,76215341231231,11
3608543,4949,722,76215433333133,11
3608595,4950,45,76231451123111,11
3616598,4961,29,76245311121131,11
3616624,4961,55,76245311131121,11
3616674,4961,105,76245311213312,11
3616877,4961,308,76245312132131,11
3617092,4961,523,76245313122122,11
3617101,4961,532,76245313123121,11
3618803,4964,47,76253141123132,11
3618845,4964,89,76253141211332,11
3620175,4965,690,76253413322312,11
3620869,4966,655,76254133311323,11
3621510,4967,567,76254313211111,11
3622005,4968,333,76312452212111,11
3622239,4968,567,76312453211111,11
3622326,4968,654,76312453311311,11
3622836,4969,435,76312542321212,11
3622843,4969,442,76312542322121,11
3623089,4969,688,76312543322222,11
3624597,4972,9,76315241112113,11
3624606,4972,18,76315241113112,11
3624714,4972,126,76315241223113,11
3624787,4972,199,76315241322122,11
3624801,4972,213,76315241323313,11
3624813,4972,225,76315241332112,11
3625160,4972,572,76315243211231,11
3625288,4972,700,76315243323323,11
3626326,4974,280,76321452122123,11
3626332,4974,286,76321452122321,11
3626333,4974,287,76321452122333,11
3626341,4974,295,76321452123323,11
3626384,4974,338,76321452212231,11
3626389,4974,343,76321452213122,11
3626687,4974,641,76321453233131,11
3626699,4974,653,76321453311233,11
3626718,4974,672,76321453313312,11
3626723,4974,677,76321453321133,11
3626745,4974,699,76321453323311,11
3627099,4975,324,76321542211112,11
3627342,4975,567,76321543211111,11
3627425,4975,650,76321543311131,11
3627518,4976,14,76324151112233,11
3627520,4976,16,76324151112323,11
3628198,4976,694,76324153323122,11
3629694,4979,3,76325411111213,11
3629697,4979,6,76325411111312,11
3629702,4979,11,76325411112131,11
3629710,4979,19,76325411113121,11
3629728,4979,37,76325411122121,11
3629913,4979,222,76325411331311,11
3629944,4979,253,76325412112121,11
3630072,4979,381,76325412231212,11
3630173,4979,482,76325412333233,11
3630298,4979,607,76325413222223,11
3630423,4980,3,76341251111213,11
3630426,4980,6,76341251111312,11
3630431,4980,11,76341251112131,11
3630439,4980,19,76341251113121,11
3630529,4980,109,76341251221121,11
3630588,4980,168,76341251311313,11
3630813,4980,393,76341252232313,11
3630878,4980,458,76341252323333,11
3631017,4980,597,76341253221212,11
3631061,4980,641,76341253233131,11
3632612,4983,5,76342511111231,11
3632614,4983,7,76342511111321,11
3632814,4983,207,76342511323112,11
3632998,4983,391,76342512232223,11
3633192,4983,585,76342513213112,11
3633291,4983,684,76342513322111,11
3633301,4983,694,76342513323122,11
3633303,4983,696,76342513323212,11
3633660,4984,324,76345122211112,11
3633661,4984,325,76345122211121,11
3633684,4984,348,76345122213311,11
3633741,4984,405,76345122311111,11
3633903,4984,567,76345123211111,11
3633984,4984,648,76345123311113,11
3633986,4984,650,76345123311131,11
3633996,4984,660,76345123312211,11
3635539,4987,16,76351421112323,11
3635548,4987,25,76351421113322,11
3636203,4987,680,76351423321232,11
3637740,4990,30,76354121121212,11
3637747,4990,37,76354121122121,11
3637878,4990,168,76354121311313,11
3637892,4990,182,76354121313131,11
3637956,4990,246,76354122111212,11
3637963,4990,253,76354122112121,11
3638047,4990,337,76354122212222,11
3638278,4990,568,76354123211123,11
3638279,4990,569,76354123211132,11
3638384,4990,674,76354123313333,11
3638788,4991,349,76354212213323,11
3638858,4991,419,76354212312233,11
3638869,4991,430,76354212313322,11
3638924,4991,485,76354212333332,11
3639046,4991,607,76354213222223,11
3639100,4991,661,76354213312223,11
3643597,4998,55,76421351131121,11
3657255,5016,591,76512343213313,11
3657381,5016,717,76512343332311,11
3660325,5021,16,76514321112323,11
3660453,5021,144,76514321232113,11
3662405,5023,638,76521433232333,11
3663842,5025,617,76523413223231,11
3665389,5027,706,76524313331222,11
3670086,5034,300,76541232131213,11
3670141,5034,355,76541232221222,11
3670302,5034,516,76541233121213,11
3670496,5034,710,76541233331333,11
3670512,5034,726,76541233333313,11
3673431,5039,0,76543211111111,11
3673521,5039,90,76543211212112,11
3673561,5039,130,76543211223221,11
3673664,5039,233,76543211332331,11
3673673,5039,242,76543211333333,11
3673744,5039,313,76543212132323,11
3673795,5039,364,76543212222221,11
3673884,5039,453,76543212323213,11
3673937,5039,506,76543213113131,11
